timestamps,TP9,AF7,AF8,TP10,Secondary Timestamp (Base),Secondary Timestamp (Remainder)
1627796961.184,-94.727,-30.762,-32.715,-35.156,942142.438,-0.010
1627796961.188,-86.426,-28.320,-33.203,-39.062,942142.438,-0.006
1627796961.192,-104.980,-26.367,-23.438,-45.898,942142.438,-0.002
1627796961.196,-144.043,-29.785,-24.902,-50.781,942142.438,0.002
1627796961.200,-164.062,-41.016,-30.273,-51.758,942142.438,0.005
1627796961.204,-180.664,-43.945,-17.578,-49.316,942142.438,0.009
1627796961.208,-192.871,-30.762,-15.137,-40.039,942142.438,0.013
1627796961.211,-205.078,-24.902,-27.832,-42.480,942142.438,0.017
1627796961.215,-200.195,-29.785,-24.414,-33.691,942142.438,0.021
1627796961.219,-187.500,-30.762,-25.391,-15.137,942142.438,0.025
1627796961.223,-193.359,-22.949,-24.414,-20.508,942142.438,0.029
1627796961.227,-205.078,-27.832,-28.320,-47.363,942142.500,-0.030
1627796961.229,-187.988,-36.621,-36.621,-49.805,942142.500,-0.028
1627796961.233,-135.742,-29.297,-28.809,-25.391,942142.500,-0.024
1627796961.237,-107.422,-27.832,-23.438,-21.484,942142.500,-0.020
1627796961.241,-97.656,-30.762,-22.461,-20.996,942142.500,-0.016
1627796961.245,-77.148,-24.414,-20.508,-10.254,942142.500,-0.012
1627796961.249,-76.172,-28.809,-24.902,-6.836,942142.500,-0.008
1627796961.253,-81.543,-31.250,-20.020,-3.906,942142.500,-0.004
1627796961.256,-90.820,-25.879,-7.324,4.395,942142.500,-0.000
1627796961.260,-115.234,-38.086,-12.695,-3.906,942142.500,0.004
1627796961.264,-107.422,-35.645,-27.832,12.207,942142.500,0.008
1627796961.268,-103.516,-34.668,-24.414,13.184,942142.500,0.011
1627796961.272,-130.371,-40.039,-18.555,1.465,942142.500,0.015
1627796961.274,-131.836,-17.090,-14.648,25.391,942142.562,-0.031
1627796961.278,-125.488,-14.160,-9.277,27.344,942142.562,-0.027
1627796961.282,-104.492,-23.438,-20.996,20.508,942142.562,-0.023
1627796961.286,-113.770,-31.250,-31.738,8.301,942142.562,-0.019
1627796961.290,-156.250,-40.527,-20.508,-18.066,942142.562,-0.015
1627796961.294,-152.344,-38.086,-5.371,-8.301,942142.562,-0.011
1627796961.298,-137.695,-41.504,-15.625,9.766,942142.562,-0.008
1627796961.301,-143.066,-46.387,-11.230,-7.324,942142.562,-0.004
1627796961.305,-133.301,-29.297,-6.348,-0.488,942142.562,0.000
1627796961.309,-144.531,-31.250,-26.367,-10.742,942142.562,0.004
1627796961.313,-140.625,-50.781,1.465,-33.203,942142.562,0.008
1627796961.317,-79.102,-22.949,26.855,5.371,942142.562,0.012
1627796961.319,-66.406,-14.160,-18.066,13.672,942142.562,0.014
1627796961.323,-84.961,-42.969,-25.391,-14.648,942142.562,0.018
1627796961.327,-45.410,-30.762,-5.859,9.277,942142.562,0.022
1627796961.331,-23.438,-22.461,-27.344,8.301,942142.562,0.026
1627796961.335,-35.156,-30.273,-59.082,-10.254,942142.562,0.030
1627796961.339,-37.598,-45.898,-63.477,1.465,942142.625,-0.029
1627796961.343,-9.766,-65.430,-51.270,19.043,942142.625,-0.025
1627796961.346,-5.859,-49.805,-59.570,5.371,942142.625,-0.021
1627796961.350,-27.344,-30.273,-63.477,-17.090,942142.625,-0.017
1627796961.354,-28.809,-14.648,-43.457,-1.465,942142.625,-0.013
1627796961.358,-41.504,-23.438,-44.434,-17.578,942142.625,-0.009
1627796961.362,-34.180,-39.551,-54.199,-27.832,942142.625,-0.005
1627796961.379,-57.129,-52.734,-36.133,-57.617,942142.625,-0.002
1627796961.383,-69.336,-44.922,-21.484,-56.641,942142.625,0.002
1627796961.387,-30.762,-11.230,-38.574,6.348,942142.625,0.006
1627796961.391,-18.066,-33.691,-49.805,-2.930,942142.625,0.009
1627796961.395,-16.113,-47.852,-46.387,-16.113,942142.625,0.013
1627796961.399,-43.945,-35.156,-44.434,-23.438,942142.625,0.017
1627796961.403,-80.566,-49.316,-49.316,-55.176,942142.625,0.021
1627796961.406,-69.824,-55.176,3.906,-44.434,942142.625,0.025
1627796961.410,-27.832,-39.551,39.551,-0.488,942142.625,0.029
1627796961.414,-50.293,-37.109,-25.879,-31.738,942142.688,-0.030
1627796961.418,-63.965,-19.043,-51.758,-33.691,942142.688,-0.026
1627796961.422,-37.598,-9.766,-27.344,-1.465,942142.688,-0.022
1627796961.424,-21.484,-20.508,-15.137,-2.930,942142.688,-0.018
1627796961.428,-34.668,-30.762,-12.207,-12.695,942142.688,-0.014
1627796961.432,-54.199,-29.785,-10.254,-15.137,942142.688,-0.010
1627796961.436,-62.500,-42.480,-16.113,-25.391,942142.688,-0.006
1627796961.440,-48.340,-53.711,-1.465,-18.555,942142.688,-0.002
1627796961.444,-42.969,-34.668,3.906,-0.488,942142.688,0.002
1627796961.448,-88.379,-22.461,-19.043,-36.133,942142.688,0.006
1627796961.451,-88.867,-13.672,0.488,-34.668,942142.688,0.010
1627796961.455,-54.199,-7.324,14.160,-1.465,942142.688,0.013
1627796961.459,-65.918,-20.508,-12.207,-20.996,942142.688,0.017
1627796961.463,-89.355,-26.367,-15.137,-44.922,942142.688,0.021
1627796961.467,-156.738,-67.383,1.465,-106.934,942142.688,0.025
1627796961.469,-150.391,-74.219,18.555,-93.750,942142.688,0.025
1627796961.473,-43.457,-18.555,1.465,12.695,942142.688,0.029
1627796961.477,-34.180,-9.277,-19.531,24.902,942142.750,-0.030
1627796961.481,-79.590,-21.484,-12.207,-9.766,942142.750,-0.026
1627796961.485,-97.168,-34.180,-11.230,-28.320,942142.750,-0.022
1627796961.489,-105.957,-47.363,-6.348,-51.270,942142.750,-0.018
1627796961.493,-97.656,-53.223,19.043,-50.293,942142.750,-0.014
1627796961.496,-165.039,-90.332,14.160,-104.004,942142.750,-0.010
1627796961.500,-180.664,-86.914,57.129,-102.051,942142.750,-0.006
1627796961.504,-53.711,-6.836,59.570,24.414,942142.750,-0.002
1627796961.508,-48.340,-8.301,14.648,21.484,942142.750,0.002
1627796961.512,-97.168,-39.062,37.109,-23.926,942142.750,0.006
1627796961.514,-116.211,-51.758,64.941,-32.715,942142.750,0.008
1627796961.518,-100.586,-52.246,79.102,-17.090,942142.750,0.012
1627796961.522,-137.207,-73.730,96.191,-78.125,942142.750,0.015
1627796961.526,-181.152,-88.867,120.605,-118.164,942142.750,0.019
1627796961.530,-100.098,-4.395,105.469,-10.742,942142.750,0.023
1627796961.534,-75.195,9.277,101.074,5.859,942142.750,0.027
1627796961.538,-94.238,-33.203,125.000,-33.203,942142.750,0.031
1627796961.541,-110.840,-40.527,137.695,-54.688,942142.812,-0.027
1627796961.545,-126.953,-39.551,151.367,-61.523,942142.812,-0.024
1627796961.549,-145.020,-56.152,135.742,-87.891,942142.812,-0.020
1627796961.553,-170.410,-96.680,148.438,-139.160,942142.812,-0.016
1627796961.557,-109.375,-73.242,164.551,-80.566,942142.812,-0.012
1627796961.559,-66.895,-42.480,162.598,-23.438,942142.812,-0.010
1627796961.563,-61.523,-34.180,243.652,-17.578,942142.812,-0.006
1627796961.567,-65.918,-46.875,238.281,-39.551,942142.812,-0.002
1627796961.571,-50.293,-52.734,222.656,-39.062,942142.812,0.002
1627796961.575,-45.410,-46.875,221.680,-31.738,942142.812,0.006
1627796961.579,-93.750,-63.477,223.633,-72.266,942142.812,0.009
1627796961.583,-95.703,-72.266,247.070,-88.867,942142.812,0.013
1627796961.586,-84.473,-79.102,315.918,-95.703,942142.812,0.017
1627796961.590,-86.426,-80.566,370.605,-97.168,942142.812,0.021
1627796961.594,-60.547,-70.312,335.449,-71.777,942142.812,0.025
1627796961.598,-20.508,-48.828,352.051,-44.922,942142.812,0.029
1627796961.602,-22.461,-60.059,389.648,-60.547,942142.875,-0.030
1627796961.604,-57.617,-91.797,402.344,-99.121,942142.875,-0.028
1627796961.608,-93.750,-115.234,406.250,-118.652,942142.875,-0.025
1627796961.612,-100.586,-112.793,439.453,-104.004,942142.875,-0.021
1627796961.616,-93.750,-110.840,486.328,-100.586,942142.875,-0.017
1627796961.620,-106.445,-127.441,511.230,-106.934,942142.875,-0.013
1627796961.624,-112.793,-125.977,523.438,-92.285,942142.875,-0.009
1627796961.628,-125.000,-129.395,520.996,-88.867,942142.875,-0.005
1627796961.631,-160.156,-157.227,544.434,-133.301,942142.875,-0.001
1627796961.635,-183.105,-176.758,570.801,-162.598,942142.875,0.003
1627796961.639,-163.574,-157.715,560.059,-117.676,942142.875,0.007
1627796961.643,-78.613,-88.379,550.781,-14.160,942142.875,0.011
1627796961.647,-106.445,-115.234,551.270,-55.176,942142.875,0.015
1627796961.649,-163.574,-175.293,580.078,-122.070,942142.875,0.031
1627796961.653,-186.523,-200.684,633.301,-137.207,942142.938,-0.028
1627796961.657,-200.684,-204.102,661.133,-143.066,942142.938,-0.024
1627796961.661,-185.059,-199.219,652.832,-133.789,942142.938,-0.020
1627796961.665,-160.645,-203.125,677.246,-123.535,942142.938,-0.016
1627796961.669,-141.113,-200.684,731.445,-103.027,942142.938,-0.012
1627796961.673,-157.715,-179.199,734.863,-106.934,942142.938,-0.008
1627796961.676,-175.293,-150.879,681.152,-130.859,942142.938,-0.004
1627796961.680,-127.441,-132.812,676.270,-98.633,942142.938,-0.000
1627796961.684,-90.332,-122.070,653.320,-70.801,942142.938,0.004
1627796961.688,-97.656,-95.703,583.496,-62.988,942142.938,0.007
1627796961.692,-112.793,-87.891,539.062,-61.523,942142.938,0.011
1627796961.694,-95.703,-102.539,524.414,-61.523,942142.938,0.014
1627796961.698,-93.750,-110.352,456.543,-69.336,942142.938,0.018
1627796961.702,-124.512,-116.699,377.930,-88.867,942142.938,0.022
1627796961.706,-85.449,-82.520,366.699,-34.180,942142.938,0.026
1627796961.710,-52.734,-69.824,336.426,-2.930,942142.938,0.030
1627796961.714,-78.125,-104.004,311.035,-45.410,942143.000,-0.029
1627796961.718,-65.430,-95.703,328.613,-45.410,942143.000,-0.025
1627796961.721,-43.945,-71.777,286.621,-22.461,942143.000,-0.021
1627796961.725,-45.410,-83.496,218.750,-41.504,942143.000,-0.017
1627796961.729,-20.508,-83.008,222.656,-27.832,942143.000,-0.013
1627796961.733,-21.484,-87.891,208.984,-37.109,942143.000,-0.009
1627796961.737,-17.578,-91.797,189.453,-42.480,942143.000,-0.005
1627796961.754,-18.555,-98.145,177.246,-34.668,942143.000,-0.003
1627796961.758,-9.277,-100.586,154.297,-37.598,942143.000,0.001
1627796961.762,8.301,-88.867,135.254,-42.480,942143.000,0.005
1627796961.766,-4.883,-86.426,107.422,-57.617,942143.000,0.009
1627796961.770,18.555,-55.176,91.797,-19.531,942143.000,0.013
1627796961.774,36.621,-45.410,83.984,-7.812,942143.000,0.017
1627796961.778,38.086,-50.293,68.359,-15.137,942143.000,0.021
1627796961.781,-17.090,-81.055,68.359,-62.988,942143.000,0.025
1627796961.785,-62.500,-104.980,121.582,-96.680,942143.000,0.029
1627796961.789,26.367,-42.969,134.766,-4.883,942143.062,-0.030
1627796961.793,71.289,-18.555,71.289,24.902,942143.062,-0.026
1627796961.797,47.363,-44.434,66.895,-5.371,942143.062,-0.022
1627796961.799,26.367,-64.453,92.285,-15.137,942143.062,-0.020
1627796961.803,14.160,-78.125,111.816,-25.391,942143.062,-0.016
1627796961.807,15.625,-85.449,136.719,-41.504,942143.062,-0.013
1627796961.811,2.930,-95.215,125.977,-62.012,942143.062,-0.009
1627796961.815,-4.883,-88.379,118.652,-55.664,942143.062,-0.005
1627796961.819,34.668,-69.824,129.395,-6.348,942143.062,-0.001
1627796961.823,63.477,-63.965,104.004,13.184,942143.062,0.003
1627796961.826,53.711,-60.547,100.098,-3.906,942143.062,0.007
1627796961.830,33.203,-64.453,132.812,-8.789,942143.062,0.011
1627796961.834,10.742,-83.008,145.996,-23.926,942143.062,0.015
1627796961.838,5.859,-102.539,100.098,-49.805,942143.062,0.019
1627796961.842,25.391,-104.980,101.074,-41.992,942143.062,0.023
1627796961.844,-18.555,-132.812,112.305,-86.914,942143.062,0.025
1627796961.848,-17.578,-106.445,91.309,-65.430,942143.062,0.029
1627796961.852,67.383,-34.180,93.750,27.832,942143.125,-0.030
1627796961.856,67.871,-47.363,95.215,10.742,942143.125,-0.026
1627796961.860,39.062,-69.336,69.824,-24.414,942143.125,-0.022
1627796961.864,12.207,-55.176,49.805,-37.598,942143.125,-0.018
1627796961.868,-13.672,-59.082,51.270,-61.523,942143.125,-0.014
1627796961.871,-45.410,-97.656,49.316,-105.469,942143.125,-0.010
1627796961.875,-2.930,-68.848,49.316,-60.547,942143.125,-0.006
1627796961.879,63.965,-2.930,39.062,24.414,942143.125,-0.003
1627796961.883,48.340,8.301,45.898,21.973,942143.125,0.001
1627796961.887,41.504,11.719,56.641,0.000,942143.125,0.005
1627796961.889,44.434,8.789,64.941,-12.207,942143.125,0.007
1627796961.893,21.484,4.883,65.430,-29.785,942143.125,0.011
1627796961.897,-7.812,-1.953,74.707,-38.086,942143.125,0.015
1627796961.901,-33.203,-39.062,80.566,-63.477,942143.125,0.019
1627796961.905,19.043,-21.484,71.777,-29.297,942143.125,0.023
1627796961.909,78.613,28.809,58.105,27.832,942143.125,0.027
1627796961.913,37.109,7.324,42.480,-7.324,942143.125,0.031
1627796961.916,15.625,-9.766,45.410,-30.273,942143.188,-0.028
1627796961.920,30.273,-12.695,51.270,-26.367,942143.188,-0.024
1627796961.924,29.297,-19.531,46.875,-32.227,942143.188,-0.020
1627796961.928,17.090,-19.043,42.969,-36.621,942143.188,-0.016
1627796961.932,-20.508,-45.410,41.992,-73.730,942143.188,-0.012
1627796961.934,11.719,-36.133,41.016,-55.176,942143.188,-0.010
1627796961.938,75.195,4.883,17.090,5.859,942143.188,-0.006
1627796961.942,52.246,-9.277,-4.395,-8.789,942143.188,-0.002
1627796961.946,14.648,-28.809,8.789,-32.227,942143.188,0.001
1627796961.950,15.137,-35.645,12.207,-34.180,942143.188,0.005
1627796961.954,57.617,-19.043,-16.113,-5.859,942143.188,0.009
1627796961.958,41.504,-16.113,-45.898,-22.461,942143.188,0.013
1627796961.961,17.578,-21.484,-41.992,-33.691,942143.188,0.017
1627796961.965,21.484,-30.273,-39.062,-36.133,942143.188,0.021
1627796961.969,30.762,-30.762,-46.387,-41.504,942143.188,0.025
1627796961.973,26.855,-29.785,-35.645,-45.410,942143.188,0.029
1627796961.977,19.531,-28.809,-41.016,-40.527,942143.250,-0.030
1627796961.979,39.062,-18.555,-49.316,-13.184,942143.250,-0.028
1627796961.983,31.250,-30.273,-36.621,-41.016,942143.250,-0.024
1627796961.987,21.973,-38.086,-30.762,-55.176,942143.250,-0.020
1627796961.991,53.711,-4.883,-47.852,-2.441,942143.250,-0.016
1627796961.995,55.664,13.672,-69.336,3.906,942143.250,-0.012
1627796961.999,44.434,-5.859,-71.289,-21.484,942143.250,-0.008
1627796962.003,45.898,-17.090,-61.523,-24.902,942143.250,-0.004
1627796962.006,14.648,-12.207,-54.199,-43.945,942143.250,-0.000
1627796962.010,-14.648,-8.301,-51.758,-58.594,942143.250,0.003
1627796962.014,6.836,-7.324,-52.734,-41.992,942143.250,0.007
1627796962.018,23.438,-15.625,-49.805,-36.621,942143.250,0.011
1627796962.022,19.531,-20.508,-40.527,-30.273,942143.250,0.015
1627796962.024,13.184,-15.137,-36.621,-21.973,942143.250,0.031
1627796962.028,5.859,-19.531,-65.918,-28.320,942143.312,-0.027
1627796962.032,-35.156,-53.711,-78.125,-78.125,942143.312,-0.023
1627796962.036,-10.254,-37.598,-50.293,-56.152,942143.312,-0.020
1627796962.040,46.387,13.184,-94.727,15.625,942143.312,-0.016
1627796962.044,10.742,-6.836,-134.277,-12.207,942143.312,-0.012
1627796962.048,17.578,-18.066,-118.164,-7.812,942143.312,-0.008
1627796962.051,21.484,-21.484,-107.422,-7.812,942143.312,-0.004
1627796962.055,-9.277,-27.344,-106.445,-35.645,942143.312,-0.000
1627796962.059,-30.273,-33.691,-103.027,-44.922,942143.312,0.004
1627796962.063,-18.066,-31.738,-102.539,-42.480,942143.312,0.008
1627796962.067,6.836,-22.461,-87.402,-24.902,942143.312,0.012
1627796962.069,12.695,-16.602,-82.520,-3.418,942143.312,0.014
1627796962.073,-32.715,-32.715,-108.887,-48.340,942143.312,0.018
1627796962.077,-118.652,-91.309,-46.387,-140.625,942143.312,0.022
1627796962.081,-22.461,-33.203,-27.344,-40.039,942143.312,0.026
1627796962.085,71.777,44.434,-108.887,56.641,942143.312,0.030
1627796962.089,-5.859,-1.465,-100.586,-7.812,942143.375,-0.029
1627796962.093,-26.367,-21.973,-71.289,-32.715,942143.375,-0.025
1627796962.096,-13.184,-25.391,-57.617,-47.363,942143.375,-0.021
1627796962.100,-24.414,-31.250,-48.828,-52.246,942143.375,-0.017
1627796962.104,-51.758,-36.621,-53.711,-60.059,942143.375,-0.013
1627796962.108,-65.918,-47.852,-35.645,-71.777,942143.375,-0.009
1627796962.112,-32.227,-36.621,-23.438,-50.781,942143.375,-0.005
1627796962.129,-8.301,-26.367,-45.410,-31.250,942143.375,-0.003
1627796962.133,-32.715,-34.668,-44.922,-37.598,942143.375,0.001
1627796962.137,-48.828,-30.762,-38.574,-42.480,942143.375,0.005
1627796962.141,-41.016,-31.250,-42.969,-40.039,942143.375,0.009
1627796962.145,-33.203,-34.668,-48.340,-44.922,942143.375,0.013
1627796962.149,-48.340,-37.109,-62.500,-58.594,942143.375,0.017
1627796962.153,-78.125,-50.293,-53.711,-74.707,942143.375,0.021
1627796962.156,-62.500,-50.293,-57.129,-57.617,942143.375,0.025
1627796962.160,-25.879,-32.227,-88.379,-31.250,942143.375,0.029
1627796962.164,-18.555,-22.461,-100.098,-17.578,942143.438,-0.030
1627796962.168,-39.062,-32.715,-109.863,-31.250,942143.438,-0.026
1627796962.172,-44.434,-34.668,-108.398,-39.062,942143.438,-0.022
1627796962.174,-42.969,-42.480,-112.793,-48.828,942143.438,-0.020
1627796962.178,-51.758,-51.270,-105.957,-62.012,942143.438,-0.016
1627796962.182,-49.805,-34.180,-104.004,-39.062,942143.438,-0.012
1627796962.186,-46.875,-27.832,-115.234,-24.902,942143.438,-0.008
1627796962.190,-89.844,-68.848,-133.789,-83.984,942143.438,-0.005
1627796962.194,-124.023,-91.797,-104.980,-122.070,942143.438,-0.001
1627796962.198,-43.457,-28.809,-76.660,-12.695,942143.438,0.003
1627796962.201,-19.531,-5.859,-119.629,19.531,942143.438,0.007
1627796962.205,-49.805,-19.531,-124.023,-26.367,942143.438,0.011
1627796962.209,-61.035,-17.090,-107.422,-37.598,942143.438,0.015
1627796962.213,-77.637,-23.926,-102.051,-45.898,942143.438,0.019
1627796962.217,-84.961,-25.391,-100.586,-51.758,942143.438,0.023
1627796962.219,-89.355,-34.668,-104.492,-58.594,942143.438,0.025
1627796962.223,-75.684,-43.457,-98.633,-53.711,942143.438,0.029
1627796962.227,-64.453,-41.504,-92.773,-41.016,942143.500,-0.030
1627796962.231,-73.242,-40.527,-85.938,-39.551,942143.500,-0.026
1627796962.235,-63.477,-31.738,-76.172,-35.156,942143.500,-0.022
1627796962.239,-48.828,-36.621,-84.961,-40.039,942143.500,-0.018
1627796962.243,-49.805,-35.645,-92.773,-51.758,942143.500,-0.014
1627796962.246,-65.430,-29.785,-91.309,-61.035,942143.500,-0.010
1627796962.250,-92.773,-50.781,-109.375,-86.426,942143.500,-0.006
1627796962.254,-66.406,-42.480,-113.770,-71.777,942143.500,-0.002
1627796962.258,-25.879,-18.555,-120.605,-32.227,942143.500,0.002
1627796962.262,-46.875,-19.043,-137.207,-39.551,942143.500,0.005
1627796962.279,-58.594,-20.508,-130.859,-44.922,942143.500,0.022
1627796962.283,-60.059,-37.109,-145.508,-58.105,942143.500,0.026
1627796962.287,-37.598,-34.180,-133.301,-50.781,942143.500,0.030
1627796962.291,-34.668,-25.879,-111.816,-41.504,942143.562,-0.028
1627796962.295,-66.895,-39.551,-138.672,-60.547,942143.562,-0.025
1627796962.299,-83.984,-57.129,-169.434,-81.055,942143.562,-0.021
1627796962.303,-85.449,-73.730,-142.090,-99.609,942143.562,-0.017
1627796962.306,-85.938,-100.098,-102.539,-96.680,942143.562,-0.013
1627796962.310,-34.668,-61.523,-124.023,-21.484,942143.562,-0.009
1627796962.314,-2.441,-1.953,-123.535,19.043,942143.562,-0.005
1627796962.318,-24.902,-5.859,-111.816,-21.973,942143.562,-0.001
1627796962.322,-28.809,-14.648,-105.957,-36.621,942143.562,0.003
1627796962.309,-56.641,-25.879,-109.863,-51.758,942143.562,-0.010
1627796962.313,-68.848,-26.367,-102.051,-58.105,942143.562,-0.006
1627796962.317,-55.664,-29.297,-96.191,-52.246,942143.562,-0.002
1627796962.321,-46.875,-37.598,-108.398,-62.500,942143.562,0.001
1627796962.325,-38.086,-25.391,-102.051,-55.664,942143.562,0.005
1627796962.329,-44.434,-22.461,-95.215,-46.875,942143.562,0.009
1627796962.333,-55.176,-41.992,-94.727,-63.965,942143.562,0.013
1627796962.336,-34.180,-40.527,-96.680,-57.129,942143.562,0.017
1627796962.340,-22.949,-27.832,-106.445,-41.016,942143.562,0.021
1627796962.344,-29.785,-20.508,-110.352,-39.551,942143.562,0.025
1627796962.348,-46.387,-34.668,-116.211,-64.453,942143.562,0.029
1627796962.352,-63.477,-58.594,-81.543,-91.309,942143.625,-0.030
1627796962.355,-11.230,-19.043,-68.848,-33.203,942143.625,-0.028
1627796962.359,0.000,-0.977,-113.770,-12.207,942143.625,-0.024
1627796962.363,-42.969,-23.438,-122.070,-52.246,942143.625,-0.020
1627796962.367,-42.969,-33.203,-107.910,-57.129,942143.625,-0.016
1627796962.371,-42.480,-42.969,-102.539,-48.828,942143.625,-0.012
1627796962.375,-82.520,-53.711,-100.586,-71.289,942143.625,-0.008
1627796962.379,-86.426,-46.875,-83.008,-68.359,942143.625,-0.004
1627796962.382,-38.574,-25.391,-85.449,-22.461,942143.625,-0.000
1627796962.386,-20.508,-28.320,-102.051,-26.855,942143.625,0.004
1627796962.390,-26.855,-29.297,-96.680,-37.109,942143.625,0.008
1627796962.394,-41.992,-30.273,-92.773,-41.016,942143.625,0.011
1627796962.398,-42.480,-35.156,-99.121,-49.805,942143.625,0.015
1627796962.399,-61.523,-58.105,-89.355,-92.285,942143.688,-0.030
1627796962.403,-36.621,-46.875,-66.895,-68.359,942143.688,-0.026
1627796962.407,1.953,-13.184,-93.750,-7.812,942143.688,-0.022
1627796962.411,-11.230,-19.043,-109.375,-21.484,942143.688,-0.019
1627796962.415,-8.301,-26.855,-94.727,-40.039,942143.688,-0.015
1627796962.419,-12.695,-35.156,-92.773,-55.664,942143.688,-0.011
1627796962.423,-8.301,-12.207,-71.777,-34.180,942143.688,-0.007
1627796962.426,20.020,20.020,-47.363,-2.930,942143.688,-0.003
1627796962.430,54.688,28.809,-40.039,12.207,942143.688,0.001
1627796962.434,65.918,32.715,-37.598,13.184,942143.688,0.005
1627796962.438,57.129,30.762,-37.109,5.371,942143.688,0.009
1627796962.442,39.551,14.648,-41.992,-10.254,942143.688,0.013
1627796962.444,32.227,2.441,-50.293,-18.066,942143.688,0.014
1627796962.448,27.344,-2.441,-71.289,-22.949,942143.688,0.018
1627796962.452,16.113,0.000,-63.965,-20.996,942143.688,0.022
1627796962.456,14.160,5.371,-60.059,-6.836,942143.688,0.026
1627796962.460,-27.344,-22.949,-72.754,-55.176,942143.688,0.030
1627796962.464,-0.488,-6.836,-54.199,-31.738,942143.750,-0.029
1627796962.468,58.105,35.645,-65.430,34.180,942143.750,-0.025
1627796962.471,21.973,16.602,-85.938,6.836,942143.750,-0.021
1627796962.475,2.441,-5.371,-81.055,-18.555,942143.750,-0.017
1627796962.479,2.441,-20.508,-86.426,-31.738,942143.750,-0.013
1627796962.483,14.648,-18.066,-76.660,-22.461,942143.750,-0.009
1627796962.487,14.648,-7.324,-62.012,-14.648,942143.750,-0.005
1627796962.504,-10.254,-19.043,-84.961,-36.133,942143.750,-0.003
1627796962.508,-13.672,-33.203,-101.074,-51.270,942143.750,0.001
1627796962.512,-22.461,-46.875,-92.773,-68.848,942143.750,0.005
1627796962.516,-12.207,-28.809,-82.520,-41.992,942143.750,0.009
1627796962.520,-9.766,-12.207,-90.820,-23.438,942143.750,0.013
1627796962.524,-8.301,-19.043,-85.938,-31.738,942143.750,0.017
1627796962.528,9.277,-19.531,-77.637,-31.738,942143.750,0.021
1627796962.531,-12.695,-27.832,-91.797,-62.500,942143.750,0.025
1627796962.535,-59.082,-47.363,-70.801,-92.773,942143.750,0.029
1627796962.539,-22.461,-22.461,-56.641,-38.086,942143.812,-0.030
1627796962.543,23.926,1.465,-89.844,-1.953,942143.812,-0.026
1627796962.547,3.418,-12.207,-96.680,-24.902,942143.812,-0.022
1627796962.549,-22.461,-17.578,-86.914,-33.203,942143.812,-0.020
1627796962.553,-28.809,-21.973,-82.520,-34.668,942143.812,-0.016
1627796962.557,-26.367,-31.250,-93.262,-42.480,942143.812,-0.012
1627796962.561,-36.133,-38.574,-81.543,-56.641,942143.812,-0.009
1627796962.565,-23.438,-33.691,-54.688,-32.227,942143.812,-0.005
1627796962.569,-17.090,-20.996,-79.102,-18.555,942143.812,-0.001
1627796962.573,-20.996,-14.160,-94.238,-31.738,942143.812,0.003
1627796962.576,-18.066,-24.902,-92.285,-43.945,942143.812,0.007
1627796962.580,-30.273,-32.227,-87.891,-43.945,942143.812,0.011
1627796962.584,-41.504,-34.668,-83.984,-45.410,942143.812,0.015
1627796962.588,-32.715,-35.156,-78.613,-55.176,942143.812,0.019
1627796962.592,-15.137,-33.203,-66.895,-49.805,942143.812,0.023
1627796962.594,-11.230,-21.973,-67.383,-38.574,942143.812,0.025
1627796962.598,-43.457,-29.297,-91.309,-62.500,942143.812,0.029
1627796962.602,-77.148,-60.547,-109.375,-99.609,942143.875,-0.030
1627796962.606,-12.695,-23.926,-92.773,-39.551,942143.875,-0.026
1627796962.610,24.902,4.883,-65.430,-0.488,942143.875,-0.022
1627796962.614,-19.043,-20.996,-74.707,-36.621,942143.875,-0.018
1627796962.618,-35.156,-35.645,-82.520,-48.340,942143.875,-0.014
1627796962.621,-11.719,-28.809,-71.777,-36.133,942143.875,-0.010
1627796962.625,-16.113,-32.715,-80.566,-50.781,942143.875,-0.007
1627796962.629,-43.457,-47.363,-50.293,-70.312,942143.875,-0.003
1627796962.633,-19.043,-34.668,-46.387,-44.434,942143.875,0.001
1627796962.637,26.367,-12.695,-104.004,-13.672,942143.875,0.005
1627796962.640,26.367,-13.672,-110.840,-22.461,942143.875,0.007
1627796962.644,3.906,-20.508,-92.285,-35.645,942143.875,0.011
1627796962.648,-11.719,-23.926,-85.449,-43.945,942143.875,0.015
1627796962.652,-15.137,-27.832,-83.984,-52.246,942143.875,0.019
1627796962.656,6.836,-28.809,-73.242,-35.645,942143.875,0.023
1627796962.660,8.789,-20.996,-72.754,-31.738,942143.875,0.027
1627796962.664,-13.184,-19.531,-79.102,-40.527,942143.875,0.031
1627796962.667,-21.484,-24.902,-81.055,-42.969,942143.938,-0.028
1627796962.671,-13.184,-23.438,-83.984,-42.969,942143.938,-0.024
1627796962.675,-22.461,-27.344,-88.867,-59.082,942143.938,-0.020
1627796962.679,-37.598,-27.344,-83.496,-60.547,942143.938,-0.016
1627796962.683,-31.250,-27.344,-74.219,-42.969,942143.938,-0.012
1627796962.684,-14.648,-30.762,-78.125,-41.016,942143.938,-0.010
1627796962.688,-2.930,-28.320,-78.125,-40.039,942143.938,-0.006
1627796962.692,-19.043,-29.785,-89.355,-41.504,942143.938,-0.002
1627796962.696,-36.621,-26.855,-92.773,-46.875,942143.938,0.001
1627796962.700,-24.414,-21.973,-79.590,-43.457,942143.938,0.005
1627796962.704,-25.879,-29.297,-76.172,-50.781,942143.938,0.009
1627796962.708,-35.645,-35.645,-75.684,-54.199,942143.938,0.013
1627796962.711,-35.645,-27.832,-74.219,-41.992,942143.938,0.017
1627796962.715,-30.762,-23.438,-69.824,-41.016,942143.938,0.021
1627796962.719,-14.648,-22.461,-75.684,-38.086,942143.938,0.025
1627796962.723,-28.320,-35.645,-92.285,-61.035,942143.938,0.029
1627796962.727,-50.781,-45.410,-81.543,-75.684,942144.000,-0.030
1627796962.729,-30.273,-33.203,-77.637,-41.992,942144.000,-0.027
1627796962.733,5.859,-19.531,-83.008,-21.484,942144.000,-0.023
1627796962.737,6.836,-26.855,-73.730,-32.227,942144.000,-0.019
1627796962.741,-18.555,-37.598,-81.055,-44.922,942144.000,-0.016
1627796962.745,-37.109,-30.762,-87.402,-55.664,942144.000,-0.012
1627796962.749,-27.832,-20.508,-84.473,-54.688,942144.000,-0.008
1627796962.753,-20.508,-21.973,-84.961,-52.246,942144.000,-0.004
1627796962.756,-34.180,-27.832,-80.566,-62.012,942144.000,0.000
1627796962.760,-40.527,-22.461,-73.730,-55.664,942144.000,0.004
1627796962.764,-39.062,-22.461,-81.055,-48.340,942144.000,0.008
1627796962.768,-34.668,-33.203,-91.797,-54.199,942144.000,0.012
1627796962.772,-33.691,-29.785,-83.984,-50.781,942144.000,0.016
1627796962.774,-38.574,-23.438,-72.754,-46.387,942144.062,-0.030
1627796962.778,-35.645,-26.367,-79.590,-37.598,942144.062,-0.026
1627796962.782,-22.949,-26.855,-78.125,-29.785,942144.062,-0.022
1627796962.786,-16.113,-20.996,-75.684,-35.645,942144.062,-0.018
1627796962.790,-28.320,-22.461,-82.520,-43.945,942144.062,-0.015
1627796962.794,-35.156,-27.344,-78.613,-36.621,942144.062,-0.011
1627796962.798,-42.969,-41.016,-83.496,-56.641,942144.062,-0.007
1627796962.801,-49.805,-50.293,-85.449,-78.613,942144.062,-0.003
1627796962.805,-20.020,-16.602,-63.477,-30.273,942144.062,0.001
1627796962.809,-28.320,-9.766,-70.801,-26.367,942144.062,0.005
1627796962.813,-40.039,-26.367,-86.914,-48.828,942144.062,0.009
1627796962.817,-30.273,-31.250,-87.402,-49.805,942144.062,0.013
1627796962.819,-45.898,-39.062,-83.984,-63.477,942144.062,0.015
1627796962.823,-58.594,-42.480,-74.707,-64.453,942144.062,0.019
1627796962.827,-48.340,-42.480,-70.801,-48.828,942144.062,0.023
1627796962.831,-30.273,-36.133,-78.613,-46.875,942144.062,0.027
1627796962.835,-29.785,-23.438,-84.473,-55.664,942144.062,0.030
1627796962.839,-46.875,-20.508,-83.008,-64.941,942144.125,-0.028
1627796962.843,-53.711,-26.367,-82.031,-69.824,942144.125,-0.024
1627796962.846,-41.992,-34.668,-79.102,-65.430,942144.125,-0.020
1627796962.850,-37.598,-39.062,-84.473,-62.988,942144.125,-0.016
1627796962.854,-49.805,-37.598,-76.660,-60.547,942144.125,-0.013
1627796962.858,-46.387,-41.992,-71.289,-55.664,942144.125,-0.009
1627796962.862,-25.879,-39.062,-74.707,-46.875,942144.125,-0.005
1627796962.879,-26.367,-28.320,-82.520,-54.199,942144.125,-0.002
1627796962.883,-35.645,-24.902,-79.590,-56.641,942144.125,0.002
1627796962.887,-52.246,-35.645,-76.172,-64.453,942144.125,0.005
1627796962.891,-46.387,-37.598,-81.543,-68.359,942144.125,0.009
1627796962.895,1.465,-14.648,-73.730,-32.227,942144.125,0.013
1627796962.899,-2.930,-15.137,-77.148,-31.738,942144.125,0.017
1627796962.903,-26.855,-26.367,-76.172,-43.945,942144.125,0.021
1627796962.906,-32.715,-29.297,-77.148,-50.781,942144.125,0.025
1627796962.910,-28.809,-37.109,-73.730,-63.965,942144.125,0.029
1627796962.914,-11.719,-34.180,-68.359,-48.828,942144.188,-0.030
1627796962.918,-22.461,-23.926,-70.801,-38.086,942144.188,-0.026
1627796962.922,-31.250,-21.973,-66.895,-38.574,942144.188,-0.022
1627796962.924,-28.809,-37.598,-75.684,-44.922,942144.188,-0.020
1627796962.928,-35.156,-51.758,-71.777,-59.570,942144.188,-0.016
1627796962.932,-40.527,-35.645,-61.035,-51.270,942144.188,-0.012
1627796962.936,-41.016,-17.578,-72.266,-41.992,942144.188,-0.009
1627796962.940,-33.203,-20.508,-80.566,-42.480,942144.188,-0.005
1627796962.944,-26.855,-23.926,-79.102,-42.969,942144.188,-0.001
1627796962.948,-37.598,-22.949,-80.566,-47.363,942144.188,0.003
1627796962.951,-65.918,-37.109,-72.266,-70.801,942144.188,0.007
1627796962.955,-34.668,-29.785,-51.758,-36.621,942144.188,0.011
1627796962.959,11.719,-13.672,-72.754,-1.465,942144.188,0.015
1627796962.963,-8.789,-26.855,-91.309,-33.203,942144.188,0.019
1627796962.967,-36.621,-31.738,-88.379,-45.898,942144.188,0.023
1627796962.969,-34.668,-25.879,-82.520,-41.992,942144.188,0.025
1627796962.973,-19.043,-29.297,-70.312,-38.086,942144.188,0.029
1627796962.977,-22.949,-38.574,-66.895,-49.316,942144.250,-0.030
1627796962.981,-29.785,-28.320,-78.125,-53.223,942144.250,-0.026
1627796962.985,-27.344,-19.531,-82.520,-43.945,942144.250,-0.022
1627796962.989,-16.602,-25.879,-79.590,-42.969,942144.250,-0.018
1627796962.993,-20.508,-25.391,-86.426,-54.199,942144.250,-0.014
1627796962.996,-41.504,-24.902,-88.867,-56.152,942144.250,-0.010
1627796963.000,-55.176,-30.273,-86.914,-51.758,942144.250,-0.006
1627796963.004,-56.152,-39.551,-78.613,-61.035,942144.250,-0.003
1627796963.008,-19.531,-30.273,-66.406,-39.062,942144.250,0.001
1627796963.012,-8.789,-15.625,-72.754,-21.973,942144.250,0.005
1627796963.014,-44.922,-18.066,-83.008,-45.410,942144.250,0.007
1627796963.018,-50.293,-24.902,-82.520,-52.246,942144.250,0.011
1627796963.022,-27.344,-31.250,-77.637,-45.898,942144.250,0.015
1627796963.026,-26.855,-26.367,-74.707,-43.945,942144.250,0.019
1627796963.030,-52.734,-25.391,-74.707,-52.734,942144.250,0.023
1627796963.034,-58.105,-34.668,-74.219,-57.617,942144.250,0.027
1627796963.038,-34.668,-26.855,-75.684,-40.039,942144.250,0.031
1627796963.041,-28.809,-26.855,-75.684,-26.367,942144.312,-0.028
1627796963.045,-42.969,-42.480,-76.660,-35.645,942144.312,-0.024
1627796963.049,-49.805,-40.039,-79.102,-52.734,942144.312,-0.020
1627796963.053,-40.527,-33.691,-79.590,-60.547,942144.312,-0.016
1627796963.057,-31.250,-32.715,-76.660,-52.246,942144.312,-0.012
1627796963.059,-50.781,-26.367,-74.707,-57.617,942144.312,-0.010
1627796963.063,-79.590,-31.250,-85.449,-74.707,942144.312,-0.006
1627796963.067,-79.102,-46.387,-85.449,-78.125,942144.312,-0.002
1627796963.071,-43.457,-27.344,-70.312,-50.781,942144.312,0.002
1627796963.075,-28.809,-3.906,-66.895,-23.926,942144.312,0.005
1627796963.079,-61.035,-12.695,-81.055,-46.875,942144.312,0.009
1627796963.083,-73.242,-26.855,-84.961,-62.500,942144.312,0.013
1627796963.086,-53.223,-29.297,-75.195,-47.852,942144.312,0.017
1627796963.090,-49.316,-29.297,-81.543,-46.875,942144.312,0.021
1627796963.094,-80.566,-32.227,-81.055,-66.895,942144.312,0.025
1627796963.098,-89.844,-35.156,-72.266,-69.824,942144.312,0.029
1627796963.102,-61.035,-35.156,-71.777,-48.828,942144.375,-0.030
1627796963.104,-46.875,-24.902,-70.801,-33.203,942144.375,-0.027
1627796963.108,-67.383,-19.531,-73.730,-42.969,942144.375,-0.023
1627796963.112,-80.078,-24.902,-66.895,-51.270,942144.375,-0.019
1627796963.116,-62.988,-35.156,-63.477,-47.852,942144.375,-0.016
1627796963.120,-65.430,-40.527,-64.453,-49.316,942144.375,-0.012
1627796963.124,-83.496,-45.410,-60.059,-58.105,942144.375,-0.008
1627796963.128,-87.402,-45.898,-51.758,-53.223,942144.375,-0.004
1627796963.131,-68.848,-33.691,-54.199,-31.738,942144.375,0.000
1627796963.135,-58.594,-25.879,-76.660,-40.527,942144.375,0.004
1627796963.139,-71.289,-31.738,-78.613,-52.246,942144.375,0.008
1627796963.143,-81.055,-30.273,-68.359,-43.457,942144.375,0.012
1627796963.147,-82.031,-29.297,-75.195,-47.852,942144.375,0.016
1627796963.149,-77.637,-38.574,-72.266,-61.035,942144.438,-0.031
1627796963.153,-58.594,-31.738,-57.129,-43.457,942144.438,-0.027
1627796963.157,-60.059,-23.926,-66.406,-28.320,942144.438,-0.023
1627796963.161,-75.684,-29.297,-73.242,-31.738,942144.438,-0.019
1627796963.165,-67.383,-31.250,-69.336,-34.180,942144.438,-0.015
1627796963.169,-60.547,-27.344,-67.383,-34.668,942144.438,-0.011
1627796963.173,-85.938,-35.645,-62.988,-45.410,942144.438,-0.007
1627796963.176,-94.238,-44.434,-60.547,-51.270,942144.438,-0.004
1627796963.180,-63.477,-41.992,-54.688,-32.715,942144.438,0.000
1627796963.184,-45.410,-32.227,-52.246,-25.391,942144.438,0.004
1627796963.188,-56.152,-25.391,-68.848,-33.203,942144.438,0.008
1627796963.192,-71.777,-31.250,-79.102,-44.434,942144.438,0.012
1627796963.194,-66.895,-40.039,-78.613,-47.363,942144.438,0.014
1627796963.198,-58.594,-45.898,-80.566,-48.828,942144.438,0.018
1627796963.202,-61.523,-47.852,-76.660,-52.246,942144.438,0.022
1627796963.206,-71.777,-45.410,-75.684,-56.641,942144.438,0.026
1627796963.210,-64.941,-35.156,-78.613,-50.781,942144.438,0.030
1627796963.214,-47.852,-25.391,-75.195,-42.969,942144.500,-0.029
1627796963.218,-48.828,-22.949,-74.219,-46.875,942144.500,-0.025
1627796963.221,-73.242,-27.344,-70.801,-52.246,942144.500,-0.021
1627796963.225,-98.633,-37.109,-71.777,-78.125,942144.500,-0.017
1627796963.229,-65.430,-23.438,-58.594,-54.199,942144.500,-0.013
1627796963.233,-34.180,-13.672,-58.594,-33.691,942144.500,-0.009
1627796963.237,-63.477,-29.785,-81.543,-54.688,942144.500,-0.005
1627796963.254,-87.402,-42.480,-86.914,-59.570,942144.500,-0.003
1627796963.258,-77.637,-38.574,-79.590,-59.570,942144.500,0.001
1627796963.262,-65.430,-24.414,-74.707,-51.758,942144.500,0.005
1627796963.266,-93.262,-33.691,-80.566,-64.941,942144.500,0.009
1627796963.270,-107.910,-36.133,-67.871,-65.430,942144.500,0.013
1627796963.274,-78.125,-20.508,-62.012,-42.480,942144.500,0.017
1627796963.278,-60.059,-29.785,-69.336,-44.922,942144.500,0.021
1627796963.281,-57.129,-31.250,-62.500,-47.363,942144.500,0.025
1627796963.285,-71.777,-30.273,-64.941,-54.688,942144.500,0.029
1627796963.289,-74.707,-32.227,-66.895,-54.199,942144.562,-0.030
1627796963.293,-60.059,-30.762,-62.500,-53.711,942144.562,-0.026
1627796963.297,-51.270,-23.926,-62.500,-59.082,942144.562,-0.022
1627796963.300,-68.359,-29.785,-66.895,-63.965,942144.562,-0.020
1627796963.304,-78.125,-27.832,-62.012,-46.387,942144.562,-0.016
1627796963.308,-57.617,-13.672,-62.500,-26.855,942144.562,-0.012
1627796963.312,-49.316,-25.879,-75.195,-43.457,942144.562,-0.009
1627796963.316,-58.594,-35.645,-79.590,-53.223,942144.562,-0.005
1627796963.320,-70.801,-27.344,-70.801,-52.246,942144.562,-0.001
1627796963.324,-61.523,-22.461,-69.336,-50.781,942144.562,0.003
1627796963.327,-47.852,-28.809,-75.684,-53.711,942144.562,0.007
1627796963.331,-58.105,-31.250,-74.707,-50.293,942144.562,0.011
1627796963.335,-75.195,-29.297,-68.359,-46.875,942144.562,0.015
1627796963.339,-69.336,-22.949,-63.965,-46.875,942144.562,0.019
1627796963.343,-57.129,-25.879,-62.012,-46.875,942144.562,0.023
1627796963.344,-64.941,-37.109,-54.688,-52.246,942144.562,0.025
1627796963.348,-84.961,-41.992,-57.617,-61.523,942144.562,0.029
1627796963.352,-78.613,-33.691,-56.641,-54.688,942144.625,-0.030
1627796963.356,-47.852,-34.180,-60.547,-40.039,942144.625,-0.026
1627796963.360,-27.344,-27.832,-68.359,-32.715,942144.625,-0.022
1627796963.364,-43.945,-22.461,-62.012,-38.574,942144.625,-0.018
1627796963.368,-66.406,-38.086,-62.988,-52.734,942144.625,-0.014
1627796963.371,-52.246,-40.527,-61.035,-45.898,942144.625,-0.010
1627796963.375,-34.668,-32.227,-54.199,-34.668,942144.625,-0.006
1627796963.379,-53.711,-41.016,-53.711,-52.734,942144.625,-0.002
1627796963.383,-69.336,-49.316,-54.688,-67.383,942144.625,0.001
1627796963.387,-44.434,-34.180,-50.781,-45.410,942144.625,0.005
1627796963.389,-27.832,-30.762,-60.547,-42.480,942144.625,0.007
1627796963.393,-29.785,-22.949,-62.988,-42.969,942144.625,0.011
1627796963.397,-38.086,-19.531,-64.453,-38.574,942144.625,0.015
1627796963.401,-51.270,-32.227,-74.219,-52.246,942144.625,0.019
1627796963.405,-39.062,-39.551,-70.312,-52.734,942144.625,0.023
1627796963.409,-21.484,-29.785,-58.594,-39.062,942144.625,0.027
1627796963.413,-30.762,-18.555,-61.035,-38.086,942144.625,0.031
1627796963.416,-48.340,-22.461,-64.453,-40.039,942144.688,-0.028
1627796963.420,-45.898,-26.367,-61.523,-38.574,942144.688,-0.024
1627796963.424,-41.992,-23.926,-56.152,-40.527,942144.688,-0.020
1627796963.428,-72.266,-40.527,-62.012,-59.082,942144.688,-0.016
1627796963.432,-76.660,-45.898,-67.871,-55.176,942144.688,-0.012
1627796963.434,-30.762,-20.508,-58.594,-27.832,942144.688,-0.010
1627796963.438,-25.879,-6.836,-67.383,-40.527,942144.688,-0.006
1627796963.442,-52.734,-6.836,-82.520,-61.523,942144.688,-0.003
1627796963.446,-69.824,-13.184,-75.195,-66.406,942144.688,0.001
1627796963.450,-64.453,-20.508,-68.359,-56.152,942144.688,0.005
1627796963.454,-65.918,-32.715,-67.871,-64.453,942144.688,0.009
1627796963.458,-85.449,-41.504,-50.293,-85.449,942144.688,0.013
1627796963.461,-71.777,-25.879,-48.828,-55.664,942144.688,0.017
1627796963.465,-46.875,-5.859,-62.988,-24.414,942144.688,0.021
1627796963.469,-41.504,-11.230,-61.523,-33.203,942144.688,0.025
1627796963.473,-54.688,-20.508,-58.105,-46.875,942144.688,0.029
1627796963.477,-81.543,-23.926,-57.129,-52.734,942144.750,-0.030
1627796963.479,-91.797,-22.949,-58.105,-54.688,942144.750,-0.028
1627796963.483,-85.449,-23.926,-59.570,-60.547,942144.750,-0.024
1627796963.487,-67.383,-21.973,-52.734,-50.781,942144.750,-0.020
1627796963.491,-62.988,-17.578,-56.641,-39.062,942144.750,-0.016
1627796963.495,-85.449,-29.785,-74.219,-61.035,942144.750,-0.012
1627796963.499,-78.125,-30.762,-69.336,-57.129,942144.750,-0.008
1627796963.503,-62.988,-28.809,-64.453,-41.016,942144.750,-0.004
1627796963.506,-67.871,-28.320,-66.895,-41.992,942144.750,-0.000
1627796963.510,-76.660,-27.344,-59.082,-48.340,942144.750,0.004
1627796963.514,-79.590,-30.762,-59.082,-51.758,942144.750,0.008
1627796963.518,-87.891,-51.758,-65.430,-75.684,942144.750,0.011
1627796963.522,-81.055,-59.082,-58.594,-65.430,942144.750,0.015
1627796963.524,-57.617,-27.344,-50.781,-27.832,942144.812,-0.031
1627796963.528,-67.871,-15.137,-55.176,-38.086,942144.812,-0.027
1627796963.532,-64.941,-17.578,-60.059,-47.363,942144.812,-0.023
1627796963.536,-60.547,-20.996,-59.082,-61.523,942144.812,-0.019
1627796963.540,-75.195,-23.438,-57.129,-64.941,942144.812,-0.015
1627796963.544,-78.125,-20.508,-50.293,-51.270,942144.812,-0.011
1627796963.548,-60.059,-25.391,-52.246,-44.434,942144.812,-0.007
1627796963.551,-50.781,-32.227,-66.895,-44.922,942144.812,-0.004
1627796963.555,-61.035,-30.273,-71.289,-54.199,942144.812,0.000
1627796963.559,-75.684,-25.879,-68.848,-57.617,942144.812,0.004
1627796963.563,-78.125,-34.668,-65.918,-62.988,942144.812,0.008
1627796963.567,-59.570,-38.086,-63.965,-66.895,942144.812,0.012
1627796963.569,-49.805,-30.762,-57.617,-55.664,942144.812,0.028
1627796963.573,-66.406,-32.715,-62.988,-51.270,942144.875,-0.031
1627796963.577,-56.641,-29.297,-66.406,-47.852,942144.875,-0.027
1627796963.581,-40.527,-29.297,-66.895,-50.293,942144.875,-0.023
1627796963.585,-50.293,-29.785,-60.547,-56.641,942144.875,-0.019
1627796963.589,-57.129,-24.902,-53.223,-46.875,942144.875,-0.015
1627796963.593,-56.152,-24.902,-55.176,-39.551,942144.875,-0.011
1627796963.596,-52.734,-30.762,-57.129,-38.086,942144.875,-0.007
1627796963.600,-53.711,-34.180,-59.082,-39.062,942144.875,-0.003
1627796963.604,-73.242,-32.227,-58.105,-41.992,942144.875,0.001
1627796963.608,-93.750,-33.203,-48.828,-52.246,942144.875,0.005
1627796963.612,-87.891,-35.645,-52.246,-61.035,942144.875,0.009
1627796963.629,-77.148,-29.297,-59.082,-46.875,942144.875,-0.002
1627796963.633,-81.543,-25.879,-56.641,-43.457,942144.875,0.001
1627796963.637,-97.168,-21.973,-49.316,-56.152,942144.875,0.005
1627796963.641,-90.820,-15.625,-49.805,-52.734,942144.875,0.009
1627796963.645,-83.496,-28.809,-74.707,-50.293,942144.875,0.013
1627796963.649,-98.633,-40.527,-74.707,-57.129,942144.875,0.017
1627796963.653,-107.422,-35.156,-57.129,-60.547,942144.875,0.021
1627796963.656,-106.445,-37.598,-55.664,-55.176,942144.875,0.025
1627796963.660,-100.586,-42.969,-65.430,-56.152,942144.875,0.029
1627796963.664,-93.750,-34.668,-62.988,-59.570,942144.938,-0.030
1627796963.668,-117.188,-26.855,-62.500,-63.965,942144.938,-0.026
1627796963.672,-123.535,-20.020,-53.711,-55.664,942144.938,-0.022
1627796963.674,-95.703,-20.508,-44.434,-37.109,942144.938,-0.020
1627796963.678,-87.402,-26.367,-51.270,-35.156,942144.938,-0.016
1627796963.682,-106.445,-26.855,-57.617,-46.387,942144.938,-0.013
1627796963.686,-124.023,-29.785,-62.500,-53.223,942144.938,-0.009
1627796963.690,-120.605,-32.715,-60.547,-54.688,942144.938,-0.005
1627796963.694,-99.609,-29.785,-55.664,-47.852,942144.938,-0.001
1627796963.698,-98.145,-38.574,-46.387,-42.969,942144.938,0.003
1627796963.701,-111.328,-33.203,-40.527,-43.945,942144.938,0.007
1627796963.705,-97.656,-24.902,-47.363,-30.762,942144.938,0.011
1627796963.709,-83.984,-31.738,-50.293,-24.902,942144.938,0.015
1627796963.713,-94.238,-29.785,-53.223,-41.504,942144.938,0.019
1627796963.717,-114.746,-32.227,-53.223,-61.035,942144.938,0.023
1627796963.719,-110.352,-27.344,-48.828,-48.340,942144.938,0.025
1627796963.723,-86.426,-29.785,-46.387,-35.645,942144.938,0.029
1627796963.727,-78.613,-34.180,-41.504,-38.574,942145.000,-0.030
1627796963.731,-83.984,-19.531,-37.109,-31.250,942145.000,-0.026
1627796963.735,-85.449,-23.438,-42.480,-36.621,942145.000,-0.022
1627796963.739,-85.938,-41.504,-40.039,-56.641,942145.000,-0.018
1627796963.743,-62.500,-25.879,-25.879,-42.969,942145.000,-0.014
1627796963.746,-55.176,-17.090,-43.457,-24.902,942145.000,-0.010
1627796963.750,-69.336,-22.949,-52.246,-28.809,942145.000,-0.007
1627796963.754,-64.453,-28.320,-51.758,-32.715,942145.000,-0.003
1627796963.758,-49.805,-33.691,-51.758,-35.645,942145.000,0.001
1627796963.762,-59.082,-35.645,-51.270,-38.086,942145.000,0.005
1627796963.765,-86.914,-36.133,-45.410,-46.875,942145.000,0.007
1627796963.769,-88.867,-39.062,-43.457,-48.828,942145.000,0.011
1627796963.773,-60.547,-26.855,-47.363,-40.527,942145.000,0.015
1627796963.777,-48.340,-13.672,-47.852,-33.691,942145.000,0.019
1627796963.781,-72.266,-14.648,-57.129,-35.156,942145.000,0.023
1627796963.785,-95.703,-12.207,-53.711,-37.109,942145.000,0.027
1627796963.789,-93.262,-16.602,-46.875,-48.828,942145.000,0.031
1627796963.792,-96.680,-18.555,-46.387,-54.199,942145.062,-0.028
1627796963.796,-106.445,-8.789,-47.852,-40.527,942145.062,-0.024
1627796963.800,-112.305,-9.277,-57.129,-41.992,942145.062,-0.020
1627796963.804,-102.539,-19.043,-59.082,-46.387,942145.062,-0.016
1627796963.808,-83.984,-30.762,-56.641,-47.363,942145.062,-0.012
1627796963.809,-82.520,-25.879,-56.152,-49.316,942145.062,-0.010
1627796963.813,-101.074,-17.090,-55.176,-56.641,942145.062,-0.006
1627796963.817,-102.539,-21.973,-47.363,-64.941,942145.062,-0.002
1627796963.821,-72.754,-21.484,-42.480,-50.781,942145.062,0.002
1627796963.825,-73.730,-29.297,-50.781,-44.434,942145.062,0.005
1627796963.829,-104.004,-27.832,-54.199,-52.246,942145.062,0.009
1627796963.833,-108.887,-20.508,-54.688,-44.922,942145.062,0.013
1627796963.836,-107.422,-35.156,-56.641,-36.133,942145.062,0.017
1627796963.840,-118.652,-34.668,-53.711,-41.016,942145.062,0.021
1627796963.844,-134.277,-24.902,-50.293,-40.527,942145.062,0.025
1627796963.848,-147.461,-31.250,-55.664,-52.246,942145.062,0.029
1627796963.852,-144.043,-37.109,-53.711,-58.105,942145.125,-0.030
1627796963.854,-138.672,-30.273,-45.410,-44.922,942145.125,-0.028
1627796963.858,-169.434,-31.738,-53.711,-49.316,942145.125,-0.024
1627796963.862,-193.848,-29.297,-54.688,-45.898,942145.125,-0.020
1627796963.866,-190.430,-26.855,-46.387,-50.293,942145.125,-0.016
1627796963.870,-192.383,-39.062,-54.688,-62.012,942145.125,-0.012
1627796963.874,-202.637,-33.691,-62.500,-54.688,942145.125,-0.008
1627796963.878,-221.191,-26.855,-55.176,-51.270,942145.125,-0.004
1627796963.881,-225.098,-32.227,-51.758,-47.852,942145.125,-0.000
1627796963.885,-216.309,-37.109,-54.688,-48.340,942145.125,0.004
1627796963.889,-221.680,-42.480,-50.293,-52.246,942145.125,0.008
1627796963.893,-242.188,-37.109,-42.969,-52.246,942145.125,0.011
1627796963.897,-258.301,-26.855,-44.434,-53.711,942145.125,0.015
1627796963.900,-242.188,-28.809,-41.504,-53.711,942145.125,0.031
1627796963.904,-221.680,-28.320,-51.758,-54.688,942145.188,-0.027
1627796963.908,-211.426,-18.555,-64.453,-51.758,942145.188,-0.024
1627796963.912,-203.613,-20.020,-55.664,-47.852,942145.188,-0.020
1627796963.916,-191.406,-26.367,-45.898,-39.551,942145.188,-0.016
1627796963.920,-174.805,-17.578,-45.898,-32.715,942145.188,-0.012
1627796963.924,-178.223,-15.625,-56.641,-39.062,942145.188,-0.008
1627796963.927,-181.641,-25.879,-54.688,-49.316,942145.188,-0.004
1627796963.931,-161.621,-30.762,-43.945,-43.457,942145.188,-0.000
1627796963.935,-150.391,-28.809,-44.922,-38.086,942145.188,0.004
1627796963.939,-162.109,-25.879,-53.223,-49.316,942145.188,0.008
1627796963.943,-175.781,-22.949,-51.758,-56.152,942145.188,0.012
1627796963.944,-177.734,-23.926,-41.992,-51.270,942145.188,0.015
1627796963.948,-173.340,-20.020,-46.875,-42.969,942145.188,0.019
1627796963.952,-194.824,-11.719,-58.105,-46.875,942145.188,0.022
1627796963.956,-232.422,-22.461,-58.105,-55.664,942145.188,0.026
1627796963.960,-247.070,-29.785,-49.805,-55.176,942145.188,0.030
1627796963.964,-239.258,-28.809,-42.969,-53.223,942145.250,-0.028
1627796963.968,-232.910,-30.273,-43.457,-55.176,942145.250,-0.024
1627796963.971,-213.379,-14.648,-42.969,-36.133,942145.250,-0.020
1627796963.975,-209.961,-16.113,-49.805,-34.668,942145.250,-0.017
1627796963.979,-195.312,-26.855,-51.270,-40.527,942145.250,-0.013
1627796963.983,-178.711,-25.879,-44.922,-42.480,942145.250,-0.009
1627796963.987,-193.359,-26.855,-39.062,-53.223,942145.250,-0.005
1627796964.004,-194.824,-27.344,-32.715,-40.527,942145.250,-0.002
1627796964.008,-173.828,-20.020,-39.062,-21.484,942145.250,0.002
1627796964.012,-155.762,-19.531,-48.828,-30.273,942145.250,0.005
1627796964.016,-164.062,-26.855,-48.828,-39.551,942145.250,0.009
1627796964.020,-190.430,-29.297,-49.316,-51.758,942145.250,0.013
1627796964.024,-181.641,-30.273,-43.457,-46.387,942145.250,0.017
1627796964.028,-146.973,-22.461,-31.738,-27.832,942145.250,0.021
1627796964.031,-138.184,-15.137,-42.969,-25.879,942145.250,0.025
1627796964.035,-161.133,-24.414,-48.340,-31.738,942145.250,0.029
1627796964.039,-174.316,-34.180,-43.457,-37.598,942145.312,-0.030
1627796964.043,-186.035,-39.551,-50.293,-57.129,942145.312,-0.026
1627796964.047,-196.777,-34.668,-44.434,-67.383,942145.312,-0.022
1627796964.049,-203.125,-20.508,-47.363,-51.758,942145.312,-0.020
1627796964.053,-210.449,-19.043,-48.340,-46.875,942145.312,-0.016
1627796964.057,-200.195,-16.602,-38.086,-39.062,942145.312,-0.012
1627796964.061,-202.637,-16.113,-49.316,-47.852,942145.312,-0.008
1627796964.065,-224.121,-20.508,-60.059,-61.523,942145.312,-0.005
1627796964.069,-243.652,-26.367,-54.199,-57.129,942145.312,-0.001
1627796964.073,-247.070,-30.273,-48.340,-47.852,942145.312,0.003
1627796964.076,-241.699,-24.414,-47.852,-46.875,942145.312,0.007
1627796964.080,-250.977,-32.715,-39.551,-47.852,942145.312,0.011
1627796964.084,-260.742,-37.598,-41.504,-46.387,942145.312,0.015
1627796964.088,-246.582,-27.344,-55.664,-43.945,942145.312,0.019
1627796964.092,-234.863,-27.344,-54.688,-47.852,942145.312,0.023
1627796964.094,-223.633,-30.273,-41.992,-50.781,942145.312,0.025
1627796964.098,-224.121,-32.715,-39.062,-52.734,942145.312,0.029
1627796964.102,-215.820,-25.879,-48.340,-50.293,942145.375,-0.030
1627796964.106,-189.941,-10.742,-55.176,-34.668,942145.375,-0.026
1627796964.110,-202.148,-14.648,-59.082,-39.062,942145.375,-0.022
1627796964.114,-222.656,-24.414,-56.641,-47.363,942145.375,-0.018
1627796964.118,-233.398,-31.738,-47.852,-51.270,942145.375,-0.014
1627796964.121,-235.352,-40.527,-43.945,-49.316,942145.375,-0.010
1627796964.125,-233.398,-38.574,-39.062,-40.039,942145.375,-0.007
1627796964.129,-274.414,-39.062,-44.922,-49.805,942145.375,-0.003
1627796964.133,-311.523,-30.762,-59.570,-65.918,942145.375,0.001
1627796964.137,-310.059,-22.461,-62.012,-62.500,942145.375,0.005
1627796964.139,-291.992,-28.320,-56.152,-52.246,942145.375,0.007
1627796964.143,-282.227,-30.273,-50.293,-53.711,942145.375,0.011
1627796964.147,-299.316,-25.391,-39.551,-49.805,942145.375,0.015
1627796964.151,-290.039,-21.484,-36.621,-36.621,942145.375,0.019
1627796964.155,-280.762,-31.250,-54.199,-36.621,942145.375,0.023
1627796964.159,-284.180,-35.645,-66.406,-45.898,942145.375,0.027
1627796964.163,-275.391,-26.367,-54.199,-47.363,942145.375,0.031
1627796964.166,-248.047,-25.391,-47.852,-43.945,942145.438,-0.028
1627796964.170,-215.332,-30.273,-48.828,-63.965,942145.438,-0.024
1627796964.174,-200.684,-22.949,-32.227,-62.988,942145.438,-0.020
1627796964.178,-202.148,-17.578,-42.480,-38.574,942145.438,-0.016
1627796964.182,-211.914,-17.090,-54.199,-37.598,942145.438,-0.012
1627796964.184,-211.426,-16.113,-46.387,-37.598,942145.438,-0.010
1627796964.188,-213.867,-24.902,-46.387,-41.992,942145.438,-0.006
1627796964.192,-237.305,-34.180,-43.457,-53.223,942145.438,-0.002
1627796964.196,-246.582,-46.875,-40.527,-59.082,942145.438,0.002
1627796964.200,-227.539,-41.016,-41.504,-54.199,942145.438,0.006
1627796964.204,-194.336,-20.996,-42.480,-46.875,942145.438,0.009
1627796964.208,-173.828,-22.461,-49.316,-50.781,942145.438,0.013
1627796964.211,-197.266,-35.156,-57.617,-65.918,942145.438,0.017
1627796964.215,-223.145,-36.133,-48.340,-74.707,942145.438,0.021
1627796964.219,-206.543,-24.902,-39.062,-60.059,942145.438,0.025
1627796964.223,-184.570,-15.137,-53.223,-39.551,942145.438,0.029
1627796964.227,-204.590,-14.648,-54.688,-40.527,942145.500,-0.030
1627796964.229,-225.098,-23.438,-46.875,-59.082,942145.500,-0.028
1627796964.233,-211.426,-34.180,-50.781,-65.918,942145.500,-0.024
1627796964.237,-189.453,-37.109,-49.316,-57.617,942145.500,-0.020
1627796964.241,-171.875,-26.855,-45.898,-35.156,942145.500,-0.016
1627796964.245,-173.340,-25.879,-50.293,-27.832,942145.500,-0.012
1627796964.249,-162.598,-29.785,-46.387,-35.645,942145.500,-0.008
1627796964.253,-143.066,-28.320,-46.875,-37.598,942145.500,-0.004
1627796964.256,-151.855,-29.785,-50.781,-37.109,942145.500,-0.000
1627796964.260,-163.574,-35.645,-47.852,-43.457,942145.500,0.003
1627796964.264,-162.598,-38.574,-43.945,-51.758,942145.500,0.007
1627796964.268,-151.367,-29.297,-44.922,-57.617,942145.500,0.011
1627796964.272,-132.324,-22.949,-41.016,-59.570,942145.500,0.015
1627796964.274,-125.977,-15.625,-36.133,-46.875,942145.500,0.031
1627796964.278,-128.906,-14.648,-39.062,-43.457,942145.562,-0.027
1627796964.282,-116.211,-25.879,-40.039,-53.223,942145.562,-0.023
1627796964.286,-87.402,-23.926,-43.945,-42.969,942145.562,-0.020
1627796964.290,-87.402,-28.809,-44.434,-39.551,942145.562,-0.016
1627796964.294,-102.051,-24.902,-38.086,-39.062,942145.562,-0.012
1627796964.298,-101.562,-20.020,-45.898,-39.062,942145.562,-0.008
1627796964.301,-104.980,-25.391,-47.363,-52.734,942145.562,-0.004
1627796964.305,-120.117,-26.855,-41.992,-56.152,942145.562,-0.000
1627796964.309,-143.066,-30.762,-46.387,-58.594,942145.562,0.004
1627796964.313,-148.438,-30.762,-44.922,-60.059,942145.562,0.008
1627796964.317,-132.324,-29.297,-36.621,-49.316,942145.562,0.012
1627796964.335,-130.371,-29.297,-41.992,-42.480,942145.562,0.015
1627796964.339,-141.602,-34.668,-42.969,-44.434,942145.562,0.019
1627796964.343,-141.113,-37.598,-39.551,-53.223,942145.562,0.023
1627796964.347,-128.418,-38.086,-41.992,-60.547,942145.562,0.027
1627796964.351,-120.605,-28.809,-36.621,-62.012,942145.562,0.031
1627796964.355,-122.559,-15.625,-38.574,-53.711,942145.625,-0.028
1627796964.359,-131.348,-15.137,-43.457,-42.969,942145.625,-0.024
1627796964.362,-118.652,-23.438,-43.457,-33.203,942145.625,-0.020
1627796964.366,-107.422,-26.855,-46.387,-38.574,942145.625,-0.016
1627796964.370,-120.605,-28.809,-46.875,-48.828,942145.625,-0.012
1627796964.374,-122.559,-24.902,-43.457,-43.457,942145.625,-0.008
1627796964.378,-112.305,-26.855,-41.504,-45.898,942145.625,-0.005
1627796964.379,-102.539,-33.691,-32.715,-53.711,942145.625,-0.002
1627796964.383,-93.750,-20.508,-32.715,-43.945,942145.625,0.001
1627796964.387,-95.215,-18.555,-37.598,-37.109,942145.625,0.005
1627796964.391,-100.586,-38.086,-42.480,-51.270,942145.625,0.009
1627796964.395,-100.098,-47.852,-52.246,-67.383,942145.625,0.013
1627796964.399,-92.773,-30.762,-42.480,-51.758,942145.625,0.017
1627796964.403,-111.816,-23.926,-37.598,-45.410,942145.625,0.021
1627796964.406,-119.629,-31.250,-41.016,-45.410,942145.625,0.025
1627796964.410,-102.051,-34.180,-34.180,-34.668,942145.625,0.029
1627796964.414,-109.375,-38.574,-42.480,-43.457,942145.688,-0.030
1627796964.418,-129.883,-33.203,-41.016,-45.410,942145.688,-0.026
1627796964.422,-135.742,-24.414,-34.668,-37.598,942145.688,-0.022
1627796964.424,-120.605,-24.902,-46.875,-42.480,942145.688,-0.020
1627796964.428,-118.164,-33.691,-55.664,-67.871,942145.688,-0.016
1627796964.432,-103.027,-21.484,-45.898,-60.547,942145.688,-0.012
1627796964.436,-83.984,-8.301,-37.598,-36.133,942145.688,-0.008
1627796964.440,-79.590,-22.461,-47.852,-39.551,942145.688,-0.004
1627796964.444,-79.590,-31.738,-54.199,-41.992,942145.688,-0.001
1627796964.448,-93.262,-30.762,-50.781,-45.898,942145.688,0.003
1627796964.451,-105.469,-35.645,-43.457,-51.270,942145.688,0.007
1627796964.455,-106.445,-38.086,-44.922,-54.688,942145.688,0.011
1627796964.459,-91.309,-32.715,-47.363,-53.223,942145.688,0.015
1627796964.463,-101.074,-26.855,-42.480,-56.641,942145.688,0.019
1627796964.467,-135.254,-25.391,-53.223,-58.594,942145.688,0.023
1627796964.469,-150.391,-26.367,-56.641,-50.781,942145.688,0.025
1627796964.473,-139.160,-34.668,-47.363,-40.527,942145.688,0.029
1627796964.477,-137.695,-42.480,-54.199,-54.199,942145.750,-0.030
1627796964.481,-155.762,-40.527,-41.016,-73.242,942145.750,-0.026
1627796964.485,-144.043,-34.668,-36.621,-56.641,942145.750,-0.022
1627796964.489,-101.562,-14.648,-38.086,-20.508,942145.750,-0.018
1627796964.493,-81.543,-6.836,-33.203,-17.090,942145.750,-0.014
1627796964.496,-94.238,-19.531,-47.363,-37.109,942145.750,-0.010
1627796964.500,-110.840,-37.598,-48.340,-45.898,942145.750,-0.006
1627796964.504,-111.328,-41.016,-42.969,-46.387,942145.750,-0.003
1627796964.508,-98.145,-24.414,-42.969,-41.016,942145.750,0.001
1627796964.512,-102.051,-22.461,-39.551,-39.551,942145.750,0.005
1627796964.514,-120.605,-27.344,-46.387,-41.504,942145.750,0.008
1627796964.518,-121.094,-20.996,-41.504,-37.598,942145.750,0.012
1627796964.522,-113.770,-25.879,-30.762,-41.992,942145.750,0.016
1627796964.526,-134.277,-30.273,-44.434,-50.781,942145.750,0.020
1627796964.530,-165.039,-25.879,-43.457,-41.992,942145.750,0.024
1627796964.534,-175.293,-20.996,-41.992,-33.691,942145.750,0.028
1627796964.538,-165.039,-22.461,-46.875,-41.016,942145.812,-0.031
1627796964.541,-149.902,-19.531,-43.457,-40.527,942145.812,-0.027
1627796964.545,-156.250,-15.625,-45.898,-41.992,942145.812,-0.023
1627796964.549,-168.945,-18.066,-50.293,-55.176,942145.812,-0.019
1627796964.553,-163.086,-22.949,-46.387,-61.523,942145.812,-0.015
1627796964.557,-149.414,-38.086,-36.133,-70.801,942145.812,-0.011
1627796964.559,-135.742,-30.762,-32.227,-62.500,942145.812,-0.010
1627796964.563,-136.719,-11.230,-40.527,-42.480,942145.812,-0.006
1627796964.567,-134.766,-14.160,-44.434,-35.645,942145.812,-0.002
1627796964.571,-132.324,-21.484,-45.898,-36.621,942145.812,0.002
1627796964.575,-141.113,-29.785,-45.410,-41.992,942145.812,0.006
1627796964.579,-152.832,-32.715,-45.410,-45.898,942145.812,0.010
1627796964.583,-157.227,-27.832,-44.922,-48.828,942145.812,0.014
1627796964.586,-140.625,-19.531,-36.621,-41.992,942145.812,0.017
1627796964.590,-143.555,-24.414,-36.133,-44.434,942145.812,0.021
1627796964.594,-159.180,-24.902,-35.156,-46.875,942145.812,0.025
1627796964.598,-166.992,-20.996,-37.109,-50.293,942145.812,0.029
1627796964.602,-152.832,-25.879,-49.805,-50.293,942145.875,-0.029
1627796964.604,-131.836,-25.391,-55.664,-51.270,942145.875,-0.027
1627796964.608,-150.391,-33.691,-53.711,-57.129,942145.875,-0.023
1627796964.612,-166.504,-42.480,-47.363,-51.758,942145.875,-0.020
1627796964.616,-153.809,-41.504,-42.480,-54.688,942145.875,-0.016
1627796964.620,-143.555,-37.598,-43.945,-58.594,942145.875,-0.012
1627796964.624,-144.531,-30.273,-47.852,-53.223,942145.875,-0.008
1627796964.628,-168.945,-36.621,-58.594,-65.918,942145.875,-0.004
1627796964.631,-175.781,-41.016,-43.945,-66.406,942145.875,0.000
1627796964.635,-141.602,-27.832,-23.926,-41.016,942145.875,0.004
1627796964.639,-126.953,-21.973,-42.480,-28.320,942145.875,0.008
1627796964.643,-142.090,-22.461,-48.340,-30.762,942145.875,0.012
1627796964.647,-150.391,-26.367,-46.387,-35.645,942145.875,0.016
1627796964.649,-153.809,-29.785,-45.410,-44.434,942145.938,-0.031
1627796964.653,-152.832,-25.879,-34.180,-43.457,942145.938,-0.027
1627796964.657,-147.461,-21.484,-38.574,-34.180,942145.938,-0.023
1627796964.661,-158.691,-27.344,-45.410,-37.598,942145.938,-0.019
1627796964.665,-156.250,-27.344,-34.668,-33.203,942145.938,-0.015
1627796964.669,-141.602,-16.602,-32.715,-28.809,942145.938,-0.011
1627796964.673,-164.551,-28.809,-42.969,-44.922,942145.938,-0.007
1627796964.676,-187.988,-37.109,-41.016,-54.199,942145.938,-0.004
1627796964.680,-166.016,-26.855,-35.645,-43.945,942145.938,0.000
1627796964.684,-147.461,-24.414,-47.852,-44.434,942145.938,0.004
1627796964.688,-155.762,-24.902,-48.828,-51.758,942145.938,0.008
1627796964.692,-170.898,-22.461,-46.387,-51.758,942145.938,0.012
1627796964.706,-168.457,-20.508,-55.176,-56.152,942145.938,0.014
1627796964.710,-158.691,-28.809,-53.711,-60.547,942145.938,0.018
1627796964.714,-157.715,-30.762,-42.969,-60.059,942145.938,0.022
1627796964.718,-167.480,-23.926,-45.898,-60.547,942145.938,0.026
1627796964.722,-166.016,-22.949,-47.852,-50.781,942145.938,0.030
1627796964.726,-150.391,-20.996,-44.922,-41.016,942146.000,-0.029
1627796964.730,-149.902,-24.902,-46.875,-39.062,942146.000,-0.025
1627796964.733,-169.922,-39.551,-47.852,-43.945,942146.000,-0.021
1627796964.737,-181.152,-39.551,-47.363,-52.734,942146.000,-0.017
1627796964.741,-171.387,-23.438,-47.363,-50.781,942146.000,-0.013
1627796964.745,-166.992,-23.438,-41.992,-49.316,942146.000,-0.009
1627796964.749,-178.223,-21.484,-35.645,-46.387,942146.000,-0.005
1627796964.755,-197.266,-11.230,-33.203,-41.992,942146.000,-0.003
1627796964.759,-203.125,-16.113,-39.551,-41.992,942146.000,0.001
1627796964.763,-193.848,-24.414,-52.246,-48.828,942146.000,0.005
1627796964.767,-206.055,-30.762,-52.734,-69.336,942146.000,0.009
1627796964.771,-207.520,-23.438,-41.504,-54.688,942146.000,0.013
1627796964.775,-188.477,-12.207,-42.969,-30.273,942146.000,0.017
1627796964.779,-175.293,-15.625,-42.480,-31.738,942146.000,0.021
1627796964.782,-173.828,-30.273,-40.527,-37.109,942146.000,0.025
1627796964.786,-191.895,-35.156,-41.504,-43.457,942146.000,0.029
1627796964.790,-203.125,-32.227,-34.668,-46.387,942146.062,-0.030
1627796964.794,-197.754,-36.621,-33.203,-49.316,942146.062,-0.026
1627796964.798,-189.941,-41.016,-43.457,-51.758,942146.062,-0.022
1627796964.799,-192.871,-33.203,-48.828,-53.223,942146.062,-0.019
1627796964.803,-208.008,-29.785,-52.734,-60.059,942146.062,-0.016
1627796964.807,-206.055,-34.668,-51.758,-65.918,942146.062,-0.012
1627796964.811,-183.105,-26.855,-39.551,-54.199,942146.062,-0.008
1627796964.815,-176.758,-20.020,-32.715,-40.039,942146.062,-0.004
1627796964.819,-179.688,-29.297,-36.133,-48.340,942146.062,0.000
1627796964.823,-166.992,-34.668,-46.387,-49.805,942146.062,0.004
1627796964.826,-147.949,-33.691,-49.805,-46.387,942146.062,0.008
1627796964.830,-143.066,-28.320,-52.246,-46.875,942146.062,0.012
1627796964.834,-160.156,-22.949,-59.082,-50.781,942146.062,0.016
1627796964.838,-164.062,-24.902,-54.688,-56.152,942146.062,0.020
1627796964.842,-145.020,-22.949,-44.434,-51.270,942146.062,0.024
1627796964.844,-119.629,-12.695,-39.551,-38.086,942146.062,0.025
1627796964.848,-123.535,-17.578,-43.457,-36.133,942146.062,0.029
1627796964.852,-142.090,-27.832,-47.363,-47.363,942146.125,-0.030
1627796964.856,-125.977,-24.902,-39.062,-38.574,942146.125,-0.026
1627796964.860,-114.258,-27.832,-39.551,-40.527,942146.125,-0.022
1627796964.864,-135.742,-28.320,-40.527,-58.105,942146.125,-0.018
1627796964.868,-148.438,-28.320,-26.367,-56.641,942146.125,-0.014
1627796964.871,-131.348,-24.902,-28.809,-43.945,942146.125,-0.010
1627796964.875,-109.375,-16.113,-42.480,-36.621,942146.125,-0.006
1627796964.879,-104.492,-15.625,-48.828,-40.527,942146.125,-0.002
1627796964.883,-109.375,-26.367,-49.316,-54.688,942146.125,0.002
1627796964.887,-99.609,-32.227,-44.922,-52.246,942146.125,0.005
1627796964.889,-85.938,-26.367,-34.180,-50.293,942146.125,0.007
1627796964.893,-88.379,-29.785,-32.715,-63.965,942146.125,0.011
1627796964.897,-101.562,-37.109,-51.758,-74.707,942146.125,0.015
1627796964.901,-95.703,-32.715,-48.340,-50.781,942146.125,0.019
1627796964.905,-71.289,-27.832,-34.180,-31.738,942146.125,0.023
1627796964.909,-65.918,-34.668,-41.504,-36.621,942146.125,0.027
1627796964.913,-96.191,-44.922,-46.875,-52.734,942146.125,0.031
1627796964.916,-124.512,-44.434,-28.320,-68.848,942146.188,-0.028
1627796964.920,-92.773,-21.973,-27.344,-41.504,942146.188,-0.024
1627796964.924,-60.547,-4.883,-46.875,-17.090,942146.188,-0.020
1627796964.928,-90.820,-22.949,-52.246,-34.668,942146.188,-0.016
1627796964.932,-122.559,-33.691,-51.270,-48.340,942146.188,-0.012
1627796964.934,-116.699,-26.855,-47.852,-45.898,942146.188,-0.010
1627796964.938,-103.027,-31.738,-46.387,-55.664,942146.188,-0.006
1627796964.942,-109.863,-40.039,-39.062,-64.941,942146.188,-0.002
1627796964.946,-104.980,-23.438,-32.227,-52.734,942146.188,0.002
1627796964.950,-92.285,-14.648,-33.691,-42.969,942146.188,0.006
1627796964.954,-83.008,-26.367,-45.898,-44.434,942146.188,0.009
1627796964.958,-88.379,-28.809,-52.246,-57.617,942146.188,0.013
1627796964.961,-97.168,-20.020,-44.434,-54.199,942146.188,0.017
1627796964.965,-94.238,-19.531,-38.086,-50.293,942146.188,0.021
1627796964.969,-84.473,-31.250,-39.551,-63.477,942146.188,0.025
1627796964.973,-67.871,-29.297,-38.086,-61.035,942146.188,0.029
1627796964.977,-72.754,-25.391,-41.504,-55.664,942146.250,-0.030
1627796964.979,-81.055,-32.715,-38.574,-50.293,942146.250,-0.013
1627796964.983,-57.129,-28.320,-36.133,-34.180,942146.250,-0.010
1627796964.987,-44.922,-28.809,-41.504,-35.156,942146.250,-0.006
1627796964.991,-52.246,-30.762,-40.039,-46.387,942146.250,-0.002
1627796964.995,-60.547,-23.926,-39.551,-46.875,942146.250,0.002
1627796964.999,-68.359,-24.902,-37.598,-50.293,942146.250,0.006
1627796965.003,-54.688,-28.320,-33.203,-50.781,942146.250,0.010
1627796965.006,-50.781,-24.902,-32.227,-44.922,942146.250,0.014
1627796965.010,-61.035,-23.926,-32.715,-39.062,942146.250,0.018
1627796965.014,-49.805,-20.020,-32.715,-26.367,942146.250,0.022
1627796965.018,-40.039,-19.043,-34.668,-23.438,942146.250,0.026
1627796965.022,-51.270,-30.762,-46.875,-41.504,942146.250,0.030
1627796965.024,-76.660,-37.598,-38.086,-63.965,942146.250,0.031
1627796965.028,-68.848,-26.367,-13.672,-47.852,942146.312,-0.027
1627796965.032,-40.039,-20.996,-26.367,-29.785,942146.312,-0.023
1627796965.036,-39.062,-24.902,-42.480,-37.598,942146.312,-0.020
1627796965.040,-55.664,-26.855,-47.852,-46.875,942146.312,-0.016
1627796965.044,-70.801,-25.391,-46.387,-53.223,942146.312,-0.012
1627796965.048,-58.105,-27.344,-39.551,-48.340,942146.312,-0.008
1627796965.051,-59.082,-40.039,-48.340,-63.965,942146.312,-0.004
1627796965.055,-81.543,-40.527,-38.086,-80.078,942146.312,-0.000
1627796965.059,-62.988,-15.625,-14.160,-52.246,942146.312,0.004
1627796965.063,-41.992,-3.906,-36.133,-36.621,942146.312,0.008
1627796965.067,-36.621,-14.160,-57.129,-49.805,942146.312,0.012
1627796965.070,-39.551,-27.832,-52.246,-57.129,942146.312,0.015
1627796965.074,-56.152,-29.785,-48.340,-62.500,942146.312,0.019
1627796965.078,-62.988,-23.438,-44.434,-62.988,942146.312,0.023
1627796965.082,-58.105,-23.926,-42.969,-58.105,942146.312,0.027
1627796965.086,-63.477,-23.438,-39.551,-60.547,942146.312,0.031
1627796965.090,-71.289,-24.414,-25.391,-50.781,942146.375,-0.028
1627796965.094,-72.266,-21.973,-31.250,-48.828,942146.375,-0.024
1627796965.097,-67.383,-16.602,-48.828,-53.711,942146.375,-0.020
1627796965.101,-58.105,-22.949,-46.387,-48.828,942146.375,-0.016
1627796965.105,-62.500,-24.902,-39.062,-45.898,942146.375,-0.012
1627796965.109,-83.008,-24.414,-34.180,-52.734,942146.375,-0.009
1627796965.113,-81.543,-27.344,-35.156,-59.082,942146.375,-0.005
1627796965.130,-62.012,-22.461,-39.551,-49.805,942146.375,0.011
1627796965.134,-62.012,-22.461,-35.156,-41.992,942146.375,0.015
1627796965.138,-75.684,-24.414,-37.598,-46.387,942146.375,0.019
1627796965.142,-71.777,-29.297,-38.574,-47.852,942146.375,0.023
1627796965.146,-44.434,-35.156,-27.832,-37.109,942146.375,0.027
1627796965.150,-35.645,-33.203,-35.645,-28.809,942146.375,0.031
1627796965.154,-54.688,-24.902,-42.969,-37.109,942146.438,-0.028
1627796965.157,-54.199,-16.113,-34.668,-40.527,942146.438,-0.024
1627796965.161,-45.410,-23.438,-35.645,-46.387,942146.438,-0.020
1627796965.165,-46.875,-33.203,-38.086,-47.363,942146.438,-0.016
1627796965.169,-59.570,-38.086,-38.086,-43.945,942146.438,-0.012
1627796965.173,-60.547,-21.973,-32.227,-42.969,942146.438,-0.008
1627796965.174,-45.410,-18.555,-30.273,-36.133,942146.438,-0.020
1627796965.178,-34.668,-32.715,-40.527,-38.086,942146.438,-0.016
1627796965.182,-48.340,-34.180,-47.852,-48.828,942146.438,-0.012
1627796965.186,-72.266,-37.598,-47.852,-55.176,942146.438,-0.008
1627796965.190,-64.941,-33.691,-41.504,-47.852,942146.438,-0.004
1627796965.194,-48.340,-33.691,-39.062,-50.781,942146.438,-0.001
1627796965.198,-60.059,-41.992,-40.039,-66.406,942146.438,0.003
1627796965.201,-66.895,-30.762,-38.086,-57.617,942146.438,0.007
1627796965.205,-58.105,-12.695,-42.969,-40.527,942146.438,0.011
1627796965.209,-44.922,-12.207,-47.852,-43.457,942146.438,0.015
1627796965.213,-42.480,-21.973,-49.805,-53.711,942146.438,0.019
1627796965.217,-59.570,-38.574,-51.270,-59.082,942146.438,0.023
1627796965.219,-71.777,-41.016,-49.316,-62.500,942146.438,0.025
1627796965.223,-49.316,-27.832,-39.062,-41.016,942146.438,0.029
1627796965.227,-37.109,-24.902,-38.086,-38.574,942146.500,-0.030
1627796965.231,-61.523,-26.855,-39.551,-55.176,942146.500,-0.026
1627796965.235,-72.266,-33.691,-39.062,-54.199,942146.500,-0.022
1627796965.239,-61.035,-36.621,-43.945,-49.805,942146.500,-0.018
1627796965.243,-46.387,-26.367,-39.551,-53.223,942146.500,-0.014
1627796965.246,-56.641,-22.461,-36.621,-56.641,942146.500,-0.010
1627796965.250,-73.730,-25.391,-37.109,-46.875,942146.500,-0.006
1627796965.254,-64.453,-16.602,-39.062,-35.156,942146.500,-0.002
1627796965.258,-53.223,-11.230,-45.898,-30.762,942146.500,0.001
1627796965.262,-70.801,-22.461,-46.387,-46.387,942146.500,0.005
1627796965.264,-93.262,-29.297,-45.410,-54.199,942146.500,0.007
1627796965.268,-88.379,-26.855,-39.062,-50.293,942146.500,0.011
1627796965.272,-79.590,-37.598,-21.973,-61.523,942146.500,0.015
1627796965.276,-65.918,-35.156,-28.809,-52.734,942146.500,0.019
1627796965.280,-63.965,-20.020,-44.434,-37.109,942146.500,0.023
1627796965.284,-79.102,-27.832,-39.551,-46.387,942146.500,0.027
1627796965.288,-71.289,-40.039,-38.574,-50.293,942146.500,0.031
1627796965.291,-63.965,-39.551,-41.016,-48.828,942146.562,-0.028
1627796965.295,-80.566,-37.109,-42.480,-58.594,942146.562,-0.024
1627796965.299,-96.680,-34.668,-44.434,-71.289,942146.562,-0.020
1627796965.303,-73.730,-21.484,-33.203,-52.734,942146.562,-0.016
1627796965.307,-53.711,-18.555,-37.598,-46.387,942146.562,-0.012
1627796965.309,-62.012,-25.391,-44.922,-56.641,942146.562,-0.010
1627796965.313,-69.824,-25.879,-43.457,-50.781,942146.562,-0.006
1627796965.317,-72.266,-25.391,-47.852,-51.270,942146.562,-0.003
1627796965.321,-65.430,-33.691,-45.898,-57.617,942146.562,0.001
1627796965.325,-47.363,-28.809,-37.109,-42.480,942146.562,0.005
1627796965.329,-43.945,-15.625,-32.227,-18.066,942146.562,0.009
1627796965.333,-53.711,-22.949,-32.715,-18.066,942146.562,0.013
1627796965.336,-42.969,-32.227,-31.738,-14.648,942146.562,0.017
1627796965.340,-58.594,-41.992,-46.387,-40.039,942146.562,0.021
1627796965.344,-83.984,-40.039,-38.086,-61.523,942146.562,0.025
1627796965.348,-60.547,-16.113,-21.484,-20.508,942146.562,0.029
1627796965.352,-42.480,-16.113,-40.039,-7.812,942146.625,-0.030
1627796965.354,-44.434,-25.391,-41.992,-23.438,942146.625,-0.028
1627796965.358,-62.012,-27.832,-41.504,-37.109,942146.625,-0.024
1627796965.362,-88.379,-25.879,-48.340,-52.246,942146.625,-0.020
1627796965.366,-106.445,-38.086,-42.969,-75.195,942146.625,-0.016
1627796965.370,-69.336,-33.691,-29.785,-56.152,942146.625,-0.012
1627796965.374,-45.898,-14.648,-23.926,-31.250,942146.625,-0.008
1627796965.378,-84.473,-26.367,-37.109,-48.340,942146.625,-0.004
1627796965.381,-93.262,-35.645,-45.898,-51.758,942146.625,-0.000
1627796965.385,-69.336,-37.109,-39.062,-52.246,942146.625,0.004
1627796965.389,-67.871,-39.551,-38.574,-59.082,942146.625,0.007
1627796965.393,-83.496,-36.621,-39.551,-61.523,942146.625,0.011
1627796965.397,-91.797,-31.250,-33.691,-68.848,942146.625,0.015
1627796965.399,-78.125,-33.203,-14.648,-65.918,942146.625,0.030
1627796965.403,-46.387,-22.949,-21.973,-39.551,942146.688,-0.028
1627796965.407,-52.246,-13.672,-50.293,-36.133,942146.688,-0.024
1627796965.411,-75.195,-24.414,-52.246,-50.293,942146.688,-0.020
1627796965.415,-76.660,-31.738,-40.527,-43.945,942146.688,-0.016
1627796965.419,-62.012,-31.738,-37.109,-39.062,942146.688,-0.013
1627796965.423,-90.820,-41.992,-46.387,-73.242,942146.688,-0.009
1627796965.426,-108.887,-33.203,-35.156,-74.219,942146.688,-0.005
1627796965.430,-66.895,-17.090,-24.902,-35.156,942146.688,-0.001
1627796965.434,-54.199,-24.414,-36.621,-37.109,942146.688,0.003
1627796965.438,-62.012,-28.320,-37.598,-46.387,942146.688,0.007
1627796965.442,-83.496,-30.273,-34.668,-50.781,942146.688,0.011
1627796965.444,-99.609,-30.273,-38.574,-54.199,942146.688,0.014
1627796965.448,-83.008,-24.902,-39.062,-49.805,942146.688,0.018
1627796965.452,-84.473,-29.297,-41.504,-60.547,942146.688,0.022
1627796965.456,-96.191,-32.227,-23.438,-63.477,942146.688,0.026
1627796965.460,-89.844,-24.902,-14.648,-47.363,942146.688,0.030
1627796965.464,-69.824,-16.602,-30.273,-34.180,942146.750,-0.029
1627796965.468,-60.547,-19.531,-41.016,-33.203,942146.750,-0.025
1627796965.471,-77.637,-24.414,-52.246,-49.316,942146.750,-0.021
1627796965.475,-102.051,-31.738,-58.594,-71.777,942146.750,-0.017
1627796965.479,-83.008,-27.344,-45.898,-54.688,942146.750,-0.013
1627796965.483,-55.664,-19.043,-35.156,-34.180,942146.750,-0.009
1627796965.487,-62.500,-21.973,-33.691,-36.621,942146.750,-0.005
1627796965.505,-80.078,-34.180,-34.668,-39.551,942146.750,-0.002
1627796965.509,-82.520,-31.250,-36.621,-36.133,942146.750,0.002
1627796965.513,-76.660,-22.949,-28.320,-33.691,942146.750,0.005
1627796965.517,-80.566,-33.203,-27.344,-41.016,942146.750,0.009
1627796965.521,-95.215,-33.691,-34.668,-43.945,942146.750,0.013
1627796965.525,-111.328,-25.391,-37.598,-56.641,942146.750,0.017
1627796965.529,-90.820,-16.602,-28.320,-49.316,942146.750,0.021
1627796965.532,-70.312,-10.742,-9.766,-30.762,942146.750,0.025
1627796965.536,-92.285,-18.555,-24.902,-40.039,942146.750,0.029
1627796965.540,-111.816,-25.879,-36.133,-47.852,942146.812,-0.030
1627796965.544,-104.492,-32.715,-28.320,-49.316,942146.812,-0.026
1627796965.548,-84.961,-38.574,-34.180,-52.246,942146.812,-0.022
1627796965.550,-108.887,-53.711,-39.551,-71.777,942146.812,-0.020
1627796965.554,-116.699,-36.621,-20.508,-61.035,942146.812,-0.016
1627796965.558,-73.242,-3.418,-9.766,-19.531,942146.812,-0.012
1627796965.562,-67.383,-17.578,-40.527,-30.273,942146.812,-0.008
1627796965.566,-84.473,-32.227,-45.898,-48.828,942146.812,-0.004
1627796965.570,-98.145,-23.438,-36.133,-43.457,942146.812,-0.000
1627796965.574,-118.164,-39.551,-38.574,-63.965,942146.812,0.004
1627796965.577,-98.633,-41.992,-11.719,-62.500,942146.812,0.008
1627796965.581,-62.988,-17.090,-9.766,-20.996,942146.812,0.011
1627796965.585,-79.590,-25.391,-46.875,-29.297,942146.812,0.015
1627796965.589,-104.492,-32.227,-54.199,-49.316,942146.812,0.019
1627796965.593,-96.680,-32.715,-47.363,-47.852,942146.812,0.023
1627796965.595,-85.449,-36.133,-44.922,-47.363,942146.875,-0.024
1627796965.599,-99.121,-32.715,-41.016,-52.734,942146.875,-0.020
1627796965.603,-114.746,-32.227,-44.922,-63.477,942146.875,-0.016
1627796965.607,-104.004,-41.016,-43.945,-59.570,942146.875,-0.012
1627796965.611,-77.637,-34.180,-21.484,-38.086,942146.875,-0.008
1627796965.615,-80.078,-22.949,-16.602,-31.250,942146.875,-0.004
1627796965.619,-98.633,-23.926,-35.156,-37.598,942146.875,-0.000
1627796965.622,-103.027,-20.508,-54.199,-43.457,942146.875,0.004
1627796965.626,-86.914,-23.926,-49.805,-41.504,942146.875,0.008
1627796965.630,-93.262,-28.320,-42.969,-42.480,942146.875,0.012
1627796965.634,-130.859,-38.574,-46.875,-69.824,942146.875,0.015
1627796965.638,-129.395,-37.598,-20.508,-77.637,942146.875,0.019
1627796965.639,-81.543,-16.602,-21.973,-41.016,942146.875,0.008
1627796965.643,-68.359,-11.719,-42.480,-23.438,942146.875,0.011
1627796965.647,-100.098,-22.461,-40.527,-38.574,942146.875,0.015
1627796965.651,-108.887,-26.367,-38.086,-47.852,942146.875,0.019
1627796965.655,-91.797,-36.133,-32.227,-48.828,942146.875,0.023
1627796965.659,-83.496,-48.340,-36.133,-55.664,942146.875,0.027
1627796965.663,-100.586,-45.410,-39.062,-62.988,942146.875,0.031
1627796965.666,-116.699,-40.039,-27.344,-69.336,942146.938,-0.028
1627796965.670,-94.238,-33.691,-25.391,-58.105,942146.938,-0.024
1627796965.674,-55.176,-15.625,-31.738,-24.902,942146.938,-0.020
1627796965.678,-74.219,-16.113,-42.969,-37.109,942146.938,-0.016
1627796965.682,-100.098,-22.949,-34.668,-49.805,942146.938,-0.012
1627796965.685,-98.145,-31.250,-25.879,-39.062,942146.938,-0.010
1627796965.689,-87.402,-37.598,-41.992,-47.363,942146.938,-0.006
1627796965.693,-87.891,-39.551,-48.340,-63.965,942146.938,-0.002
1627796965.697,-97.168,-35.645,-35.156,-65.918,942146.938,0.002
1627796965.701,-95.215,-25.879,-31.738,-57.129,942146.938,0.006
1627796965.705,-74.219,-21.973,-42.480,-47.852,942146.938,0.010
1627796965.709,-61.035,-21.484,-35.156,-34.668,942146.938,0.014
1627796965.712,-89.355,-28.809,-35.156,-46.387,942146.938,0.017
1627796965.716,-114.746,-29.785,-37.598,-63.477,942146.938,0.021
1627796965.720,-90.820,-23.438,-19.043,-49.316,942146.938,0.025
1627796965.724,-70.801,-31.738,-25.391,-44.922,942146.938,0.029
1627796965.728,-76.660,-27.832,-38.574,-45.898,942147.000,-0.029
1627796965.729,-88.379,-24.414,-44.922,-44.922,942147.000,-0.027
1627796965.733,-81.543,-23.438,-43.457,-49.805,942147.000,-0.023
1627796965.737,-69.824,-19.043,-37.598,-45.898,942147.000,-0.019
1627796965.741,-84.473,-27.344,-47.852,-54.199,942147.000,-0.016
1627796965.745,-118.164,-44.922,-53.711,-72.266,942147.000,-0.012
1627796965.749,-111.816,-41.992,-37.109,-57.129,942147.000,-0.008
1627796965.753,-84.473,-30.273,-31.250,-41.992,942147.000,-0.004
1627796965.756,-97.656,-24.902,-46.875,-44.922,942147.000,0.000
1627796965.760,-120.605,-26.367,-44.434,-46.387,942147.000,0.004
1627796965.764,-122.559,-34.180,-39.062,-45.898,942147.000,0.008
1627796965.768,-114.258,-31.250,-41.992,-55.664,942147.000,0.012
1627796965.772,-104.492,-19.531,-39.551,-55.176,942147.000,0.016
1627796965.775,-119.141,-18.555,-34.668,-47.363,942147.062,-0.031
1627796965.779,-137.207,-30.273,-27.832,-52.246,942147.062,-0.027
1627796965.783,-119.141,-32.227,-18.066,-42.969,942147.062,-0.023
1627796965.787,-102.051,-29.785,-18.555,-37.598,942147.062,-0.019
1627796965.791,-111.816,-26.367,-23.926,-51.758,942147.062,-0.016
1627796965.795,-120.605,-22.461,-25.879,-45.898,942147.062,-0.012
1627796965.799,-113.281,-27.344,-36.621,-33.203,942147.062,-0.008
1627796965.802,-94.727,-24.902,-33.691,-27.832,942147.062,-0.004
1627796965.806,-101.562,-22.461,-34.668,-39.062,942147.062,0.000
1627796965.810,-125.488,-30.273,-37.598,-57.617,942147.062,0.004
1627796965.814,-126.465,-35.156,-35.156,-59.570,942147.062,0.008
1627796965.818,-117.188,-36.621,-43.457,-61.035,942147.062,0.012
1627796965.819,-121.582,-38.086,-45.410,-70.801,942147.062,0.015
1627796965.823,-119.629,-36.133,-25.391,-63.965,942147.062,0.019
1627796965.827,-113.770,-32.227,-28.320,-51.270,942147.062,0.022
1627796965.831,-103.516,-24.414,-31.738,-45.898,942147.062,0.026
1627796965.835,-98.145,-29.297,-38.574,-51.758,942147.062,0.030
1627796965.839,-112.305,-41.016,-47.363,-54.688,942147.125,-0.028
1627796965.843,-118.652,-33.203,-41.992,-56.641,942147.125,-0.024
1627796965.846,-104.004,-26.855,-43.457,-61.523,942147.125,-0.021
1627796965.850,-83.496,-26.367,-36.133,-48.828,942147.125,-0.017
1627796965.854,-77.637,-19.531,-25.391,-42.969,942147.125,-0.013
1627796965.858,-75.195,-16.113,-27.832,-37.598,942147.125,-0.009
1627796965.862,-82.520,-26.855,-39.551,-43.945,942147.125,-0.005
1627796965.880,-84.473,-23.926,-48.828,-58.105,942147.125,-0.002
1627796965.884,-75.195,-23.438,-38.086,-39.551,942147.125,0.002
1627796965.888,-82.520,-31.738,-30.273,-27.832,942147.125,0.006
1627796965.892,-93.750,-28.320,-32.227,-44.434,942147.125,0.009
1627796965.896,-74.219,-15.137,-20.508,-42.480,942147.125,0.013
1627796965.900,-68.848,-10.742,-32.715,-40.039,942147.125,0.017
1627796965.904,-95.215,-19.531,-47.363,-50.781,942147.125,0.021
1627796965.907,-114.746,-17.090,-44.434,-61.035,942147.125,0.025
1627796965.911,-102.051,-21.973,-22.949,-52.734,942147.125,0.029
1627796965.915,-81.543,-24.414,-18.066,-29.785,942147.188,-0.030
1627796965.919,-103.516,-24.414,-49.805,-40.039,942147.188,-0.026
1627796965.923,-128.418,-25.879,-47.363,-56.641,942147.188,-0.022
1627796965.925,-109.863,-28.320,-32.715,-46.875,942147.188,-0.020
1627796965.929,-93.262,-28.320,-34.180,-38.574,942147.188,-0.016
1627796965.933,-114.258,-29.297,-31.738,-46.875,942147.188,-0.012
1627796965.937,-125.000,-25.391,-16.113,-37.109,942147.188,-0.008
1627796965.941,-125.000,-20.508,-29.297,-31.250,942147.188,-0.004
1627796965.945,-132.324,-29.297,-47.852,-47.852,942147.188,-0.000
1627796965.949,-136.230,-34.668,-44.922,-55.176,942147.188,0.004
1627796965.952,-136.719,-20.508,-39.551,-44.922,942147.188,0.008
1627796965.956,-134.766,-18.555,-37.598,-44.922,942147.188,0.012
1627796965.960,-129.395,-24.902,-47.363,-50.293,942147.188,0.015
1627796965.964,-139.160,-37.109,-27.832,-65.430,942147.188,0.019
1627796965.968,-131.348,-32.715,-4.395,-50.293,942147.188,0.023
1627796965.969,-116.211,-17.090,-33.691,-34.180,942147.188,0.025
1627796965.973,-117.676,-27.832,-53.223,-47.363,942147.188,0.029
1627796965.977,-108.887,-33.203,-49.805,-47.852,942147.250,-0.030
1627796965.981,-112.305,-30.273,-40.039,-48.340,942147.250,-0.026
1627796965.985,-124.512,-41.992,-37.598,-50.781,942147.250,-0.022
1627796965.989,-115.723,-56.641,-32.715,-49.316,942147.250,-0.018
1627796965.993,-91.309,-34.180,-32.715,-44.922,942147.250,-0.014
1627796965.996,-85.938,-13.672,-41.016,-41.992,942147.250,-0.010
1627796966.000,-114.746,-19.043,-38.574,-48.340,942147.250,-0.006
1627796966.004,-130.859,-23.926,-41.504,-56.152,942147.250,-0.002
1627796966.008,-121.582,-26.855,-42.480,-53.711,942147.250,0.002
1627796966.012,-114.746,-17.090,-31.738,-37.109,942147.250,0.006
1627796966.014,-119.629,-27.344,-29.297,-34.180,942147.250,0.007
1627796966.018,-123.047,-43.457,-34.668,-50.293,942147.250,0.011
1627796966.022,-111.328,-27.344,-36.133,-49.316,942147.250,0.015
1627796966.026,-115.723,-31.738,-43.457,-61.035,942147.250,0.019
1627796966.030,-120.605,-28.809,-29.785,-42.480,942147.250,0.023
1627796966.034,-103.516,-6.348,-27.832,-10.742,942147.250,0.027
1627796966.038,-99.121,-19.531,-41.992,-21.484,942147.250,0.031
1627796966.041,-104.980,-43.457,-38.574,-31.250,942147.312,-0.028
1627796966.045,-120.117,-35.156,-41.504,-41.016,942147.312,-0.024
1627796966.049,-134.766,-22.461,-39.551,-48.828,942147.312,-0.020
1627796966.053,-128.418,-22.461,-31.250,-45.898,942147.312,-0.016
1627796966.057,-107.910,-16.113,-22.461,-35.645,942147.312,-0.012
1627796966.059,-110.840,-17.578,-33.203,-36.133,942147.312,-0.010
1627796966.063,-126.953,-18.555,-38.086,-36.621,942147.312,-0.006
1627796966.067,-122.070,-12.695,-27.832,-31.738,942147.312,-0.002
1627796966.071,-91.797,-14.648,-31.738,-22.461,942147.312,0.001
1627796966.075,-94.727,-29.785,-31.738,-30.762,942147.312,0.005
1627796966.079,-115.234,-37.598,-27.832,-42.969,942147.312,0.009
1627796966.083,-113.281,-28.809,-26.367,-32.715,942147.312,0.013
1627796966.086,-108.398,-20.996,-20.020,-34.180,942147.312,0.017
1627796966.090,-98.633,-19.531,-20.020,-34.180,942147.312,0.021
1627796966.094,-100.098,-17.090,-23.438,-30.273,942147.312,0.025
1627796966.098,-131.836,-31.250,-32.227,-49.316,942147.312,0.029
1627796966.102,-129.883,-34.180,-35.645,-46.875,942147.375,-0.030
1627796966.104,-120.117,-37.109,-27.832,-45.898,942147.375,-0.027
1627796966.108,-135.254,-46.387,-33.691,-55.664,942147.375,-0.024
1627796966.112,-142.578,-34.668,-34.180,-53.223,942147.375,-0.020
1627796966.116,-137.695,-21.973,-34.180,-48.340,942147.375,-0.016
1627796966.120,-123.535,-20.996,-44.922,-44.434,942147.375,-0.012
1627796966.124,-122.559,-22.461,-43.457,-52.734,942147.375,-0.008
1627796966.128,-159.180,-43.457,-30.273,-75.684,942147.375,-0.004
1627796966.131,-152.344,-51.270,-18.555,-61.523,942147.375,-0.000
1627796966.135,-102.539,-29.297,-22.461,-25.879,942147.375,0.004
1627796966.139,-107.910,-13.672,-47.363,-35.645,942147.375,0.008
1627796966.143,-137.695,-17.090,-53.223,-48.340,942147.375,0.012
1627796966.147,-133.789,-19.531,-33.691,-43.457,942147.375,0.015
1627796966.150,-115.723,-21.973,-30.762,-38.574,942147.438,-0.031
1627796966.154,-118.652,-38.574,-42.969,-59.082,942147.438,-0.027
1627796966.158,-119.141,-35.645,-32.715,-63.477,942147.438,-0.023
1627796966.162,-120.117,-23.926,-27.832,-48.340,942147.438,-0.019
1627796966.166,-112.793,-30.273,-39.062,-41.504,942147.438,-0.016
1627796966.170,-81.543,-41.992,-29.785,-30.762,942147.438,-0.012
1627796966.174,-88.379,-42.969,-24.902,-34.668,942147.438,-0.008
1627796966.177,-118.164,-27.344,-35.645,-51.758,942147.438,-0.004
1627796966.181,-131.348,-26.367,-41.504,-74.219,942147.438,0.000
1627796966.185,-104.980,-21.484,-35.156,-63.477,942147.438,0.004
1627796966.189,-89.844,-10.254,-30.762,-57.129,942147.438,0.008
1627796966.193,-103.027,-7.324,-33.691,-57.129,942147.438,0.012
1627796966.194,-95.703,-12.207,-35.156,-47.363,942147.438,0.014
1627796966.198,-82.520,-25.391,-40.039,-46.387,942147.438,0.018
1627796966.202,-85.938,-40.527,-41.992,-54.199,942147.438,0.022
1627796966.206,-97.656,-41.992,-31.738,-63.477,942147.438,0.026
1627796966.210,-93.262,-24.902,-26.855,-49.316,942147.438,0.030
1627796966.214,-71.777,-17.578,-24.414,-33.691,942147.500,-0.029
1627796966.218,-54.688,-19.043,-20.020,-28.320,942147.500,-0.025
1627796966.221,-89.844,-29.785,-36.621,-50.293,942147.500,-0.021
1627796966.225,-144.531,-47.363,-35.156,-95.703,942147.500,-0.017
1627796966.229,-100.098,-23.438,-5.859,-59.082,942147.500,-0.013
1627796966.233,-40.527,6.836,-18.555,-4.883,942147.500,-0.009
1627796966.237,-58.594,-13.184,-47.852,-20.996,942147.500,-0.005
